<?xml version="1.0" encoding="UTF-8"?>
<gpx version="1.1" creator="test"><trk><name>Bear Trail 60</name><trkseg>
<trkpt lat="46.500000" lon="10.500000"><ele>900.0</ele></trkpt>
<trkpt lat="46.500000" lon="10.500039"><ele>900.2</ele></trkpt>
<trkpt lat="46.500000" lon="10.500078"><ele>900.5</ele></trkpt>
<trkpt lat="46.500000" lon="10.500117"><ele>900.7</ele></trkpt>
<trkpt lat="46.500000" lon="10.500157"><ele>901.0</ele></trkpt>
<trkpt lat="46.500000" lon="10.500196"><ele>901.2</ele></trkpt>
<trkpt lat="46.500000" lon="10.500235"><ele>901.4</ele></trkpt>
<trkpt lat="46.500000" lon="10.500274"><ele>901.7</ele></trkpt>
<trkpt lat="46.500000" lon="10.500313"><ele>901.9</ele></trkpt>
<trkpt lat="46.500000" lon="10.500352"><ele>902.2</ele></trkpt>
<trkpt lat="46.500000" lon="10.500391"><ele>902.4</ele></trkpt>
<trkpt lat="46.500000" lon="10.500431"><ele>902.6</ele></trkpt>
<trkpt lat="46.500000" lon="10.500470"><ele>902.9</ele></trkpt>
<trkpt lat="46.500000" lon="10.500509"><ele>903.1</ele></trkpt>
<trkpt lat="46.500000" lon="10.500548"><ele>903.4</ele></trkpt>
<trkpt lat="46.500000" lon="10.500587"><ele>903.6</ele></trkpt>
<trkpt lat="46.500000" lon="10.500626"><ele>903.8</ele></trkpt>
<trkpt lat="46.500000" lon="10.500666"><ele>904.1</ele></trkpt>
<trkpt lat="46.500000" lon="10.500705"><ele>904.3</ele></trkpt>
<trkpt lat="46.500000" lon="10.500744"><ele>904.6</ele></trkpt>
<trkpt lat="46.500000" lon="10.500783"><ele>904.8</ele></trkpt>
<trkpt lat="46.500000" lon="10.500822"><ele>905.1</ele></trkpt>
<trkpt lat="46.500000" lon="10.500861"><ele>905.3</ele></trkpt>
<trkpt lat="46.500000" lon="10.500900"><ele>905.5</ele></trkpt>
<trkpt lat="46.500000" lon="10.500940"><ele>905.8</ele></trkpt>
<trkpt lat="46.500000" lon="10.500979"><ele>906.0</ele></trkpt>
<trkpt lat="46.500000" lon="10.501018"><ele>906.3</ele></trkpt>
<trkpt lat="46.500000" lon="10.501057"><ele>906.5</ele></trkpt>
<trkpt lat="46.500000" lon="10.501096"><ele>906.7</ele></trkpt>
<trkpt lat="46.500000" lon="10.501135"><ele>907.0</ele></trkpt>
<trkpt lat="46.500000" lon="10.501174"><ele>907.2</ele></trkpt>
<trkpt lat="46.500000" lon="10.501214"><ele>907.5</ele></trkpt>
<trkpt lat="46.500000" lon="10.501253"><ele>907.7</ele></trkpt>
<trkpt lat="46.500000" lon="10.501292"><ele>907.9</ele></trkpt>
<trkpt lat="46.500000" lon="10.501331"><ele>908.2</ele></trkpt>
<trkpt lat="46.500000" lon="10.501370"><ele>908.4</ele></trkpt>
<trkpt lat="46.500000" lon="10.501409"><ele>908.7</ele></trkpt>
<trkpt lat="46.500000" lon="10.501449"><ele>908.9</ele></trkpt>
<trkpt lat="46.500000" lon="10.501488"><ele>909.1</ele></trkpt>
<trkpt lat="46.500000" lon="10.501527"><ele>909.4</ele></trkpt>
<trkpt lat="46.500000" lon="10.501566"><ele>909.6</ele></trkpt>
<trkpt lat="46.500000" lon="10.501605"><ele>909.9</ele></trkpt>
<trkpt lat="46.500000" lon="10.501644"><ele>910.1</ele></trkpt>
<trkpt lat="46.500000" lon="10.501683"><ele>910.3</ele></trkpt>
<trkpt lat="46.500000" lon="10.501723"><ele>910.6</ele></trkpt>
<trkpt lat="46.500000" lon="10.501762"><ele>910.8</ele></trkpt>
<trkpt lat="46.500000" lon="10.501801"><ele>911.1</ele></trkpt>
<trkpt lat="46.500000" lon="10.501840"><ele>911.3</ele></trkpt>
<trkpt lat="46.500000" lon="10.501879"><ele>911.5</ele></trkpt>
<trkpt lat="46.500000" lon="10.501918"><ele>911.8</ele></trkpt>
<trkpt lat="46.500000" lon="10.501957"><ele>912.0</ele></trkpt>
<trkpt lat="46.500000" lon="10.501997"><ele>912.3</ele></trkpt>
<trkpt lat="46.500000" lon="10.502036"><ele>912.5</ele></trkpt>
<trkpt lat="46.500000" lon="10.502075"><ele>912.8</ele></trkpt>
<trkpt lat="46.500000" lon="10.502114"><ele>913.0</ele></trkpt>
<trkpt lat="46.500000" lon="10.502153"><ele>913.2</ele></trkpt>
<trkpt lat="46.500000" lon="10.502192"><ele>913.5</ele></trkpt>
<trkpt lat="46.500000" lon="10.502232"><ele>913.7</ele></trkpt>
<trkpt lat="46.500000" lon="10.502271"><ele>914.0</ele></trkpt>
<trkpt lat="46.500000" lon="10.502310"><ele>914.2</ele></trkpt>
<trkpt lat="46.500000" lon="10.502349"><ele>914.4</ele></trkpt>
<trkpt lat="46.500000" lon="10.502388"><ele>914.7</ele></trkpt>
<trkpt lat="46.500000" lon="10.502427"><ele>914.9</ele></trkpt>
<trkpt lat="46.500000" lon="10.502466"><ele>915.2</ele></trkpt>
<trkpt lat="46.500000" lon="10.502506"><ele>915.4</ele></trkpt>
<trkpt lat="46.500000" lon="10.502545"><ele>915.6</ele></trkpt>
<trkpt lat="46.500000" lon="10.502584"><ele>915.9</ele></trkpt>
<trkpt lat="46.500000" lon="10.502623"><ele>916.1</ele></trkpt>
<trkpt lat="46.500000" lon="10.502662"><ele>916.4</ele></trkpt>
<trkpt lat="46.500000" lon="10.502701"><ele>916.6</ele></trkpt>
<trkpt lat="46.500000" lon="10.502740"><ele>916.8</ele></trkpt>
<trkpt lat="46.500000" lon="10.502780"><ele>917.1</ele></trkpt>
<trkpt lat="46.500000" lon="10.502819"><ele>917.3</ele></trkpt>
<trkpt lat="46.500000" lon="10.502858"><ele>917.6</ele></trkpt>
<trkpt lat="46.500000" lon="10.502897"><ele>917.8</ele></trkpt>
<trkpt lat="46.500000" lon="10.502936"><ele>918.0</ele></trkpt>
<trkpt lat="46.500000" lon="10.502975"><ele>918.3</ele></trkpt>
<trkpt lat="46.500000" lon="10.503015"><ele>918.5</ele></trkpt>
<trkpt lat="46.500000" lon="10.503054"><ele>918.8</ele></trkpt>
<trkpt lat="46.500000" lon="10.503093"><ele>919.0</ele></trkpt>
<trkpt lat="46.500000" lon="10.503132"><ele>919.2</ele></trkpt>
<trkpt lat="46.500000" lon="10.503171"><ele>919.5</ele></trkpt>
<trkpt lat="46.500000" lon="10.503210"><ele>919.7</ele></trkpt>
<trkpt lat="46.500000" lon="10.503249"><ele>920.0</ele></trkpt>
<trkpt lat="46.500000" lon="10.503289"><ele>920.2</ele></trkpt>
<trkpt lat="46.500000" lon="10.503328"><ele>920.5</ele></trkpt>
<trkpt lat="46.500000" lon="10.503367"><ele>920.7</ele></trkpt>
<trkpt lat="46.500000" lon="10.503406"><ele>920.9</ele></trkpt>
<trkpt lat="46.500000" lon="10.503445"><ele>921.2</ele></trkpt>
<trkpt lat="46.500000" lon="10.503484"><ele>921.4</ele></trkpt>
<trkpt lat="46.500000" lon="10.503524"><ele>921.7</ele></trkpt>
<trkpt lat="46.500000" lon="10.503563"><ele>921.9</ele></trkpt>
<trkpt lat="46.500000" lon="10.503602"><ele>922.1</ele></trkpt>
<trkpt lat="46.500000" lon="10.503641"><ele>922.4</ele></trkpt>
<trkpt lat="46.500000" lon="10.503680"><ele>922.6</ele></trkpt>
<trkpt lat="46.500000" lon="10.503719"><ele>922.9</ele></trkpt>
<trkpt lat="46.500000" lon="10.503758"><ele>923.1</ele></trkpt>
<trkpt lat="46.500000" lon="10.503798"><ele>923.3</ele></trkpt>
<trkpt lat="46.500000" lon="10.503837"><ele>923.6</ele></trkpt>
<trkpt lat="46.500000" lon="10.503876"><ele>923.8</ele></trkpt>
<trkpt lat="46.500000" lon="10.503915"><ele>924.1</ele></trkpt>
<trkpt lat="46.500000" lon="10.503954"><ele>924.3</ele></trkpt>
<trkpt lat="46.500000" lon="10.503993"><ele>924.5</ele></trkpt>
<trkpt lat="46.500000" lon="10.504032"><ele>924.8</ele></trkpt>
<trkpt lat="46.500000" lon="10.504072"><ele>925.0</ele></trkpt>
<trkpt lat="46.500000" lon="10.504111"><ele>925.3</ele></trkpt>
<trkpt lat="46.500000" lon="10.504150"><ele>925.5</ele></trkpt>
<trkpt lat="46.500000" lon="10.504189"><ele>925.7</ele></trkpt>
<trkpt lat="46.500000" lon="10.504228"><ele>926.0</ele></trkpt>
<trkpt lat="46.500000" lon="10.504267"><ele>926.2</ele></trkpt>
<trkpt lat="46.500000" lon="10.504307"><ele>926.5</ele></trkpt>
<trkpt lat="46.500000" lon="10.504346"><ele>926.7</ele></trkpt>
<trkpt lat="46.500000" lon="10.504385"><ele>926.9</ele></trkpt>
<trkpt lat="46.500000" lon="10.504424"><ele>927.2</ele></trkpt>
<trkpt lat="46.500000" lon="10.504463"><ele>927.4</ele></trkpt>
<trkpt lat="46.500000" lon="10.504502"><ele>927.7</ele></trkpt>
<trkpt lat="46.500000" lon="10.504541"><ele>927.9</ele></trkpt>
<trkpt lat="46.500000" lon="10.504581"><ele>928.2</ele></trkpt>
<trkpt lat="46.500000" lon="10.504620"><ele>928.4</ele></trkpt>
<trkpt lat="46.500000" lon="10.504659"><ele>928.6</ele></trkpt>
<trkpt lat="46.500000" lon="10.504698"><ele>928.9</ele></trkpt>
<trkpt lat="46.500000" lon="10.504737"><ele>929.1</ele></trkpt>
<trkpt lat="46.500000" lon="10.504776"><ele>929.4</ele></trkpt>
<trkpt lat="46.500000" lon="10.504815"><ele>929.6</ele></trkpt>
<trkpt lat="46.500000" lon="10.504855"><ele>929.8</ele></trkpt>
<trkpt lat="46.500000" lon="10.504894"><ele>930.1</ele></trkpt>
<trkpt lat="46.500000" lon="10.504933"><ele>930.3</ele></trkpt>
<trkpt lat="46.500000" lon="10.504972"><ele>930.6</ele></trkpt>
<trkpt lat="46.500000" lon="10.505011"><ele>930.8</ele></trkpt>
<trkpt lat="46.500000" lon="10.505050"><ele>931.0</ele></trkpt>
<trkpt lat="46.500000" lon="10.505090"><ele>931.3</ele></trkpt>
<trkpt lat="46.500000" lon="10.505129"><ele>931.5</ele></trkpt>
<trkpt lat="46.500000" lon="10.505168"><ele>931.8</ele></trkpt>
<trkpt lat="46.500000" lon="10.505207"><ele>932.0</ele></trkpt>
<trkpt lat="46.500000" lon="10.505246"><ele>932.2</ele></trkpt>
<trkpt lat="46.500000" lon="10.505285"><ele>932.5</ele></trkpt>
<trkpt lat="46.500000" lon="10.505324"><ele>932.7</ele></trkpt>
<trkpt lat="46.500000" lon="10.505364"><ele>933.0</ele></trkpt>
<trkpt lat="46.500000" lon="10.505403"><ele>933.2</ele></trkpt>
<trkpt lat="46.500000" lon="10.505442"><ele>933.4</ele></trkpt>
<trkpt lat="46.500000" lon="10.505481"><ele>933.7</ele></trkpt>
<trkpt lat="46.500000" lon="10.505520"><ele>933.9</ele></trkpt>
<trkpt lat="46.500000" lon="10.505559"><ele>934.2</ele></trkpt>
<trkpt lat="46.500000" lon="10.505598"><ele>934.4</ele></trkpt>
<trkpt lat="46.500000" lon="10.505638"><ele>934.6</ele></trkpt>
<trkpt lat="46.500000" lon="10.505677"><ele>934.9</ele></trkpt>
<trkpt lat="46.500000" lon="10.505716"><ele>935.1</ele></trkpt>
<trkpt lat="46.500000" lon="10.505755"><ele>935.4</ele></trkpt>
<trkpt lat="46.500000" lon="10.505794"><ele>935.6</ele></trkpt>
<trkpt lat="46.500000" lon="10.505833"><ele>935.8</ele></trkpt>
<trkpt lat="46.500000" lon="10.505873"><ele>936.1</ele></trkpt>
<trkpt lat="46.500000" lon="10.505912"><ele>936.3</ele></trkpt>
<trkpt lat="46.500000" lon="10.505951"><ele>936.6</ele></trkpt>
<trkpt lat="46.500000" lon="10.505990"><ele>936.8</ele></trkpt>
<trkpt lat="46.500000" lon="10.506029"><ele>937.1</ele></trkpt>
<trkpt lat="46.500000" lon="10.506068"><ele>937.3</ele></trkpt>
<trkpt lat="46.500000" lon="10.506107"><ele>937.5</ele></trkpt>
<trkpt lat="46.500000" lon="10.506147"><ele>937.8</ele></trkpt>
<trkpt lat="46.500000" lon="10.506186"><ele>938.0</ele></trkpt>
<trkpt lat="46.500000" lon="10.506225"><ele>938.3</ele></trkpt>
<trkpt lat="46.500000" lon="10.506264"><ele>938.5</ele></trkpt>
<trkpt lat="46.500000" lon="10.506303"><ele>938.7</ele></trkpt>
<trkpt lat="46.500000" lon="10.506342"><ele>939.0</ele></trkpt>
<trkpt lat="46.500000" lon="10.506381"><ele>939.2</ele></trkpt>
<trkpt lat="46.500000" lon="10.506421"><ele>939.5</ele></trkpt>
<trkpt lat="46.500000" lon="10.506460"><ele>939.7</ele></trkpt>
<trkpt lat="46.500000" lon="10.506499"><ele>939.9</ele></trkpt>
<trkpt lat="46.500000" lon="10.506538"><ele>940.2</ele></trkpt>
<trkpt lat="46.500000" lon="10.506577"><ele>940.4</ele></trkpt>
<trkpt lat="46.500000" lon="10.506616"><ele>940.7</ele></trkpt>
<trkpt lat="46.500000" lon="10.506656"><ele>940.9</ele></trkpt>
<trkpt lat="46.500000" lon="10.506695"><ele>941.1</ele></trkpt>
<trkpt lat="46.500000" lon="10.506734"><ele>941.4</ele></trkpt>
<trkpt lat="46.500000" lon="10.506773"><ele>941.6</ele></trkpt>
<trkpt lat="46.500000" lon="10.506812"><ele>941.9</ele></trkpt>
<trkpt lat="46.500000" lon="10.506851"><ele>942.1</ele></trkpt>
<trkpt lat="46.500000" lon="10.506890"><ele>942.3</ele></trkpt>
<trkpt lat="46.500000" lon="10.506930"><ele>942.6</ele></trkpt>
<trkpt lat="46.500000" lon="10.506969"><ele>942.8</ele></trkpt>
<trkpt lat="46.500000" lon="10.507008"><ele>943.1</ele></trkpt>
<trkpt lat="46.500000" lon="10.507047"><ele>943.3</ele></trkpt>
<trkpt lat="46.500000" lon="10.507086"><ele>943.5</ele></trkpt>
<trkpt lat="46.500000" lon="10.507125"><ele>943.8</ele></trkpt>
<trkpt lat="46.500000" lon="10.507164"><ele>944.0</ele></trkpt>
<trkpt lat="46.500000" lon="10.507204"><ele>944.3</ele></trkpt>
<trkpt lat="46.500000" lon="10.507243"><ele>944.5</ele></trkpt>
<trkpt lat="46.500000" lon="10.507282"><ele>944.8</ele></trkpt>
<trkpt lat="46.500000" lon="10.507321"><ele>945.0</ele></trkpt>
<trkpt lat="46.500000" lon="10.507360"><ele>945.2</ele></trkpt>
<trkpt lat="46.500000" lon="10.507399"><ele>945.5</ele></trkpt>
<trkpt lat="46.500000" lon="10.507438"><ele>945.7</ele></trkpt>
<trkpt lat="46.500000" lon="10.507478"><ele>946.0</ele></trkpt>
<trkpt lat="46.500000" lon="10.507517"><ele>946.2</ele></trkpt>
<trkpt lat="46.500000" lon="10.507556"><ele>946.4</ele></trkpt>
<trkpt lat="46.500000" lon="10.507595"><ele>946.7</ele></trkpt>
<trkpt lat="46.500000" lon="10.507634"><ele>946.9</ele></trkpt>
<trkpt lat="46.500000" lon="10.507673"><ele>947.2</ele></trkpt>
<trkpt lat="46.500000" lon="10.507713"><ele>947.4</ele></trkpt>
<trkpt lat="46.500000" lon="10.507752"><ele>947.6</ele></trkpt>
<trkpt lat="46.500000" lon="10.507791"><ele>947.9</ele></trkpt>
<trkpt lat="46.500000" lon="10.507830"><ele>948.1</ele></trkpt>
<trkpt lat="46.500000" lon="10.507869"><ele>948.4</ele></trkpt>
<trkpt lat="46.500000" lon="10.507908"><ele>948.6</ele></trkpt>
<trkpt lat="46.500000" lon="10.507947"><ele>948.8</ele></trkpt>
<trkpt lat="46.500000" lon="10.507987"><ele>949.1</ele></trkpt>
<trkpt lat="46.500000" lon="10.508026"><ele>949.3</ele></trkpt>
<trkpt lat="46.500000" lon="10.508065"><ele>949.6</ele></trkpt>
<trkpt lat="46.500000" lon="10.508104"><ele>949.8</ele></trkpt>
<trkpt lat="46.500000" lon="10.508143"><ele>950.0</ele></trkpt>
<trkpt lat="46.500000" lon="10.508182"><ele>950.3</ele></trkpt>
<trkpt lat="46.500000" lon="10.508221"><ele>950.5</ele></trkpt>
<trkpt lat="46.500000" lon="10.508261"><ele>950.8</ele></trkpt>
<trkpt lat="46.500000" lon="10.508300"><ele>951.0</ele></trkpt>
<trkpt lat="46.500000" lon="10.508339"><ele>951.2</ele></trkpt>
<trkpt lat="46.500000" lon="10.508378"><ele>951.5</ele></trkpt>
<trkpt lat="46.500000" lon="10.508417"><ele>951.7</ele></trkpt>
<trkpt lat="46.500000" lon="10.508456"><ele>952.0</ele></trkpt>
<trkpt lat="46.500000" lon="10.508496"><ele>952.2</ele></trkpt>
<trkpt lat="46.500000" lon="10.508535"><ele>952.5</ele></trkpt>
<trkpt lat="46.500000" lon="10.508574"><ele>952.7</ele></trkpt>
<trkpt lat="46.500000" lon="10.508613"><ele>952.9</ele></trkpt>
<trkpt lat="46.500000" lon="10.508652"><ele>953.2</ele></trkpt>
<trkpt lat="46.500000" lon="10.508691"><ele>953.4</ele></trkpt>
<trkpt lat="46.500000" lon="10.508730"><ele>953.7</ele></trkpt>
<trkpt lat="46.500000" lon="10.508770"><ele>953.9</ele></trkpt>
<trkpt lat="46.500000" lon="10.508809"><ele>954.1</ele></trkpt>
<trkpt lat="46.500000" lon="10.508848"><ele>954.4</ele></trkpt>
<trkpt lat="46.500000" lon="10.508887"><ele>954.6</ele></trkpt>
<trkpt lat="46.500000" lon="10.508926"><ele>954.9</ele></trkpt>
<trkpt lat="46.500000" lon="10.508965"><ele>955.1</ele></trkpt>
<trkpt lat="46.500000" lon="10.509004"><ele>955.3</ele></trkpt>
<trkpt lat="46.500000" lon="10.509044"><ele>955.6</ele></trkpt>
<trkpt lat="46.500000" lon="10.509083"><ele>955.8</ele></trkpt>
<trkpt lat="46.500000" lon="10.509122"><ele>956.1</ele></trkpt>
<trkpt lat="46.500000" lon="10.509161"><ele>956.3</ele></trkpt>
<trkpt lat="46.500000" lon="10.509200"><ele>956.5</ele></trkpt>
<trkpt lat="46.500000" lon="10.509239"><ele>956.8</ele></trkpt>
<trkpt lat="46.500000" lon="10.509279"><ele>957.0</ele></trkpt>
<trkpt lat="46.500000" lon="10.509318"><ele>957.3</ele></trkpt>
<trkpt lat="46.500000" lon="10.509357"><ele>957.5</ele></trkpt>
<trkpt lat="46.500000" lon="10.509396"><ele>957.7</ele></trkpt>
<trkpt lat="46.500000" lon="10.509435"><ele>958.0</ele></trkpt>
<trkpt lat="46.500000" lon="10.509474"><ele>958.2</ele></trkpt>
<trkpt lat="46.500000" lon="10.509513"><ele>958.5</ele></trkpt>
<trkpt lat="46.500000" lon="10.509553"><ele>958.7</ele></trkpt>
<trkpt lat="46.500000" lon="10.509592"><ele>958.9</ele></trkpt>
<trkpt lat="46.500000" lon="10.509631"><ele>959.2</ele></trkpt>
<trkpt lat="46.500000" lon="10.509670"><ele>959.4</ele></trkpt>
<trkpt lat="46.500000" lon="10.509709"><ele>959.7</ele></trkpt>
<trkpt lat="46.500000" lon="10.509748"><ele>959.9</ele></trkpt>
<trkpt lat="46.500000" lon="10.509787"><ele>960.2</ele></trkpt>
<trkpt lat="46.500000" lon="10.509827"><ele>960.4</ele></trkpt>
<trkpt lat="46.500000" lon="10.509866"><ele>960.6</ele></trkpt>
<trkpt lat="46.500000" lon="10.509905"><ele>960.9</ele></trkpt>
<trkpt lat="46.500000" lon="10.509944"><ele>961.1</ele></trkpt>
<trkpt lat="46.500000" lon="10.509983"><ele>961.4</ele></trkpt>
<trkpt lat="46.500000" lon="10.510022"><ele>961.6</ele></trkpt>
<trkpt lat="46.500000" lon="10.510062"><ele>961.8</ele></trkpt>
<trkpt lat="46.500000" lon="10.510101"><ele>962.1</ele></trkpt>
<trkpt lat="46.500000" lon="10.510140"><ele>962.3</ele></trkpt>
<trkpt lat="46.500000" lon="10.510179"><ele>962.6</ele></trkpt>
<trkpt lat="46.500000" lon="10.510218"><ele>962.8</ele></trkpt>
<trkpt lat="46.500000" lon="10.510257"><ele>963.0</ele></trkpt>
<trkpt lat="46.500000" lon="10.510296"><ele>963.3</ele></trkpt>
<trkpt lat="46.500000" lon="10.510336"><ele>963.5</ele></trkpt>
<trkpt lat="46.500000" lon="10.510375"><ele>963.8</ele></trkpt>
<trkpt lat="46.500000" lon="10.510414"><ele>964.0</ele></trkpt>
<trkpt lat="46.500000" lon="10.510453"><ele>963.8</ele></trkpt>
<trkpt lat="46.500000" lon="10.510492"><ele>963.5</ele></trkpt>
<trkpt lat="46.500000" lon="10.510531"><ele>963.3</ele></trkpt>
<trkpt lat="46.500000" lon="10.510571"><ele>963.0</ele></trkpt>
<trkpt lat="46.500000" lon="10.510610"><ele>962.8</ele></trkpt>
<trkpt lat="46.500000" lon="10.510649"><ele>962.6</ele></trkpt>
<trkpt lat="46.500000" lon="10.510688"><ele>962.3</ele></trkpt>
<trkpt lat="46.500000" lon="10.510727"><ele>962.1</ele></trkpt>
<trkpt lat="46.500000" lon="10.510766"><ele>961.8</ele></trkpt>
<trkpt lat="46.500000" lon="10.510805"><ele>961.6</ele></trkpt>
<trkpt lat="46.500000" lon="10.510845"><ele>961.4</ele></trkpt>
<trkpt lat="46.500000" lon="10.510884"><ele>961.1</ele></trkpt>
<trkpt lat="46.500000" lon="10.510923"><ele>960.9</ele></trkpt>
<trkpt lat="46.500000" lon="10.510962"><ele>960.6</ele></trkpt>
<trkpt lat="46.500000" lon="10.511001"><ele>960.4</ele></trkpt>
<trkpt lat="46.500000" lon="10.511040"><ele>960.2</ele></trkpt>
<trkpt lat="46.500000" lon="10.511079"><ele>959.9</ele></trkpt>
<trkpt lat="46.500000" lon="10.511119"><ele>959.7</ele></trkpt>
<trkpt lat="46.500000" lon="10.511158"><ele>959.4</ele></trkpt>
<trkpt lat="46.500000" lon="10.511197"><ele>959.2</ele></trkpt>
<trkpt lat="46.500000" lon="10.511236"><ele>958.9</ele></trkpt>
<trkpt lat="46.500000" lon="10.511275"><ele>958.7</ele></trkpt>
<trkpt lat="46.500000" lon="10.511314"><ele>958.5</ele></trkpt>
<trkpt lat="46.500000" lon="10.511354"><ele>958.2</ele></trkpt>
<trkpt lat="46.500000" lon="10.511393"><ele>958.0</ele></trkpt>
<trkpt lat="46.500000" lon="10.511432"><ele>957.7</ele></trkpt>
<trkpt lat="46.500000" lon="10.511471"><ele>957.5</ele></trkpt>
<trkpt lat="46.500000" lon="10.511510"><ele>957.3</ele></trkpt>
<trkpt lat="46.500000" lon="10.511549"><ele>957.0</ele></trkpt>
<trkpt lat="46.500000" lon="10.511588"><ele>956.8</ele></trkpt>
<trkpt lat="46.500000" lon="10.511628"><ele>956.5</ele></trkpt>
<trkpt lat="46.500000" lon="10.511667"><ele>956.3</ele></trkpt>
<trkpt lat="46.500000" lon="10.511706"><ele>956.1</ele></trkpt>
<trkpt lat="46.500000" lon="10.511745"><ele>955.8</ele></trkpt>
<trkpt lat="46.500000" lon="10.511784"><ele>955.6</ele></trkpt>
<trkpt lat="46.500000" lon="10.511823"><ele>955.3</ele></trkpt>
<trkpt lat="46.500000" lon="10.511862"><ele>955.1</ele></trkpt>
<trkpt lat="46.500000" lon="10.511902"><ele>954.9</ele></trkpt>
<trkpt lat="46.500000" lon="10.511941"><ele>954.6</ele></trkpt>
<trkpt lat="46.500000" lon="10.511980"><ele>954.4</ele></trkpt>
<trkpt lat="46.500000" lon="10.512019"><ele>954.1</ele></trkpt>
<trkpt lat="46.500000" lon="10.512058"><ele>953.9</ele></trkpt>
<trkpt lat="46.500000" lon="10.512097"><ele>953.7</ele></trkpt>
<trkpt lat="46.500000" lon="10.512137"><ele>953.4</ele></trkpt>
<trkpt lat="46.500000" lon="10.512176"><ele>953.2</ele></trkpt>
<trkpt lat="46.500000" lon="10.512215"><ele>952.9</ele></trkpt>
<trkpt lat="46.500000" lon="10.512254"><ele>952.7</ele></trkpt>
<trkpt lat="46.500000" lon="10.512293"><ele>952.5</ele></trkpt>
<trkpt lat="46.500000" lon="10.512332"><ele>952.2</ele></trkpt>
<trkpt lat="46.500000" lon="10.512371"><ele>952.0</ele></trkpt>
<trkpt lat="46.500000" lon="10.512411"><ele>951.7</ele></trkpt>
<trkpt lat="46.500000" lon="10.512450"><ele>951.5</ele></trkpt>
<trkpt lat="46.500000" lon="10.512489"><ele>951.2</ele></trkpt>
<trkpt lat="46.500000" lon="10.512528"><ele>951.0</ele></trkpt>
<trkpt lat="46.500000" lon="10.512567"><ele>950.8</ele></trkpt>
<trkpt lat="46.500000" lon="10.512606"><ele>950.5</ele></trkpt>
<trkpt lat="46.500000" lon="10.512645"><ele>950.3</ele></trkpt>
<trkpt lat="46.500000" lon="10.512685"><ele>950.0</ele></trkpt>
<trkpt lat="46.500000" lon="10.512724"><ele>949.8</ele></trkpt>
<trkpt lat="46.500000" lon="10.512763"><ele>949.6</ele></trkpt>
<trkpt lat="46.500000" lon="10.512802"><ele>949.3</ele></trkpt>
<trkpt lat="46.500000" lon="10.512841"><ele>949.1</ele></trkpt>
<trkpt lat="46.500000" lon="10.512880"><ele>948.8</ele></trkpt>
<trkpt lat="46.500000" lon="10.512920"><ele>948.6</ele></trkpt>
<trkpt lat="46.500000" lon="10.512959"><ele>948.4</ele></trkpt>
<trkpt lat="46.500000" lon="10.512998"><ele>948.1</ele></trkpt>
<trkpt lat="46.500000" lon="10.513037"><ele>947.9</ele></trkpt>
<trkpt lat="46.500000" lon="10.513076"><ele>947.6</ele></trkpt>
<trkpt lat="46.500000" lon="10.513115"><ele>947.4</ele></trkpt>
<trkpt lat="46.500000" lon="10.513154"><ele>947.2</ele></trkpt>
<trkpt lat="46.500000" lon="10.513194"><ele>946.9</ele></trkpt>
<trkpt lat="46.500000" lon="10.513233"><ele>946.7</ele></trkpt>
<trkpt lat="46.500000" lon="10.513272"><ele>946.4</ele></trkpt>
<trkpt lat="46.500000" lon="10.513311"><ele>946.2</ele></trkpt>
<trkpt lat="46.500000" lon="10.513350"><ele>946.0</ele></trkpt>
<trkpt lat="46.500000" lon="10.513389"><ele>945.7</ele></trkpt>
<trkpt lat="46.500000" lon="10.513428"><ele>945.5</ele></trkpt>
<trkpt lat="46.500000" lon="10.513468"><ele>945.2</ele></trkpt>
<trkpt lat="46.500000" lon="10.513507"><ele>945.0</ele></trkpt>
<trkpt lat="46.500000" lon="10.513546"><ele>944.8</ele></trkpt>
<trkpt lat="46.500000" lon="10.513585"><ele>944.5</ele></trkpt>
<trkpt lat="46.500000" lon="10.513624"><ele>944.3</ele></trkpt>
<trkpt lat="46.500000" lon="10.513663"><ele>944.0</ele></trkpt>
<trkpt lat="46.500000" lon="10.513703"><ele>943.8</ele></trkpt>
<trkpt lat="46.500000" lon="10.513742"><ele>943.5</ele></trkpt>
<trkpt lat="46.500000" lon="10.513781"><ele>943.3</ele></trkpt>
<trkpt lat="46.500000" lon="10.513820"><ele>943.1</ele></trkpt>
<trkpt lat="46.500000" lon="10.513859"><ele>942.8</ele></trkpt>
<trkpt lat="46.500000" lon="10.513898"><ele>942.6</ele></trkpt>
<trkpt lat="46.500000" lon="10.513937"><ele>942.3</ele></trkpt>
<trkpt lat="46.500000" lon="10.513977"><ele>942.1</ele></trkpt>
<trkpt lat="46.500000" lon="10.514016"><ele>941.9</ele></trkpt>
<trkpt lat="46.500000" lon="10.514055"><ele>941.6</ele></trkpt>
<trkpt lat="46.500000" lon="10.514094"><ele>941.4</ele></trkpt>
<trkpt lat="46.500000" lon="10.514133"><ele>941.1</ele></trkpt>
<trkpt lat="46.500000" lon="10.514172"><ele>940.9</ele></trkpt>
<trkpt lat="46.500000" lon="10.514211"><ele>940.7</ele></trkpt>
<trkpt lat="46.500000" lon="10.514251"><ele>940.4</ele></trkpt>
<trkpt lat="46.500000" lon="10.514290"><ele>940.2</ele></trkpt>
<trkpt lat="46.500000" lon="10.514329"><ele>939.9</ele></trkpt>
<trkpt lat="46.500000" lon="10.514368"><ele>939.7</ele></trkpt>
<trkpt lat="46.500000" lon="10.514407"><ele>939.5</ele></trkpt>
<trkpt lat="46.500000" lon="10.514446"><ele>939.2</ele></trkpt>
<trkpt lat="46.500000" lon="10.514485"><ele>939.0</ele></trkpt>
<trkpt lat="46.500000" lon="10.514525"><ele>938.7</ele></trkpt>
<trkpt lat="46.500000" lon="10.514564"><ele>938.5</ele></trkpt>
<trkpt lat="46.500000" lon="10.514603"><ele>938.3</ele></trkpt>
<trkpt lat="46.500000" lon="10.514642"><ele>938.0</ele></trkpt>
<trkpt lat="46.500000" lon="10.514681"><ele>937.8</ele></trkpt>
<trkpt lat="46.500000" lon="10.514720"><ele>937.5</ele></trkpt>
<trkpt lat="46.500000" lon="10.514760"><ele>937.3</ele></trkpt>
<trkpt lat="46.500000" lon="10.514799"><ele>937.1</ele></trkpt>
<trkpt lat="46.500000" lon="10.514838"><ele>936.8</ele></trkpt>
<trkpt lat="46.500000" lon="10.514877"><ele>936.6</ele></trkpt>
<trkpt lat="46.500000" lon="10.514916"><ele>936.3</ele></trkpt>
<trkpt lat="46.500000" lon="10.514955"><ele>936.1</ele></trkpt>
<trkpt lat="46.500000" lon="10.514994"><ele>935.8</ele></trkpt>
<trkpt lat="46.500000" lon="10.515034"><ele>935.6</ele></trkpt>
<trkpt lat="46.500000" lon="10.515073"><ele>935.4</ele></trkpt>
<trkpt lat="46.500000" lon="10.515112"><ele>935.1</ele></trkpt>
<trkpt lat="46.500000" lon="10.515151"><ele>934.9</ele></trkpt>
<trkpt lat="46.500000" lon="10.515190"><ele>934.6</ele></trkpt>
<trkpt lat="46.500000" lon="10.515229"><ele>934.4</ele></trkpt>
<trkpt lat="46.500000" lon="10.515268"><ele>934.2</ele></trkpt>
<trkpt lat="46.500000" lon="10.515308"><ele>933.9</ele></trkpt>
<trkpt lat="46.500000" lon="10.515347"><ele>933.7</ele></trkpt>
<trkpt lat="46.500000" lon="10.515386"><ele>933.4</ele></trkpt>
<trkpt lat="46.500000" lon="10.515425"><ele>933.2</ele></trkpt>
<trkpt lat="46.500000" lon="10.515464"><ele>933.0</ele></trkpt>
<trkpt lat="46.500000" lon="10.515503"><ele>932.7</ele></trkpt>
<trkpt lat="46.500000" lon="10.515543"><ele>932.5</ele></trkpt>
<trkpt lat="46.500000" lon="10.515582"><ele>932.2</ele></trkpt>
<trkpt lat="46.500000" lon="10.515621"><ele>932.0</ele></trkpt>
<trkpt lat="46.500000" lon="10.515660"><ele>931.8</ele></trkpt>
<trkpt lat="46.500000" lon="10.515699"><ele>931.5</ele></trkpt>
<trkpt lat="46.500000" lon="10.515738"><ele>931.3</ele></trkpt>
<trkpt lat="46.500000" lon="10.515777"><ele>931.0</ele></trkpt>
<trkpt lat="46.500000" lon="10.515817"><ele>930.8</ele></trkpt>
<trkpt lat="46.500000" lon="10.515856"><ele>930.6</ele></trkpt>
<trkpt lat="46.500000" lon="10.515895"><ele>930.3</ele></trkpt>
<trkpt lat="46.500000" lon="10.515934"><ele>930.1</ele></trkpt>
<trkpt lat="46.500000" lon="10.515973"><ele>929.8</ele></trkpt>
<trkpt lat="46.500000" lon="10.516012"><ele>929.6</ele></trkpt>
<trkpt lat="46.500000" lon="10.516051"><ele>929.4</ele></trkpt>
<trkpt lat="46.500000" lon="10.516091"><ele>929.1</ele></trkpt>
<trkpt lat="46.500000" lon="10.516130"><ele>928.9</ele></trkpt>
<trkpt lat="46.500000" lon="10.516169"><ele>928.6</ele></trkpt>
<trkpt lat="46.500000" lon="10.516208"><ele>928.4</ele></trkpt>
<trkpt lat="46.500000" lon="10.516247"><ele>928.2</ele></trkpt>
<trkpt lat="46.500000" lon="10.516286"><ele>927.9</ele></trkpt>
<trkpt lat="46.500000" lon="10.516326"><ele>927.7</ele></trkpt>
<trkpt lat="46.500000" lon="10.516365"><ele>927.4</ele></trkpt>
<trkpt lat="46.500000" lon="10.516404"><ele>927.2</ele></trkpt>
<trkpt lat="46.500000" lon="10.516443"><ele>926.9</ele></trkpt>
<trkpt lat="46.500000" lon="10.516482"><ele>926.7</ele></trkpt>
<trkpt lat="46.500000" lon="10.516521"><ele>926.5</ele></trkpt>
<trkpt lat="46.500000" lon="10.516560"><ele>926.2</ele></trkpt>
<trkpt lat="46.500000" lon="10.516600"><ele>926.0</ele></trkpt>
<trkpt lat="46.500000" lon="10.516639"><ele>925.7</ele></trkpt>
<trkpt lat="46.500000" lon="10.516678"><ele>925.5</ele></trkpt>
<trkpt lat="46.500000" lon="10.516717"><ele>925.3</ele></trkpt>
<trkpt lat="46.500000" lon="10.516756"><ele>925.0</ele></trkpt>
<trkpt lat="46.500000" lon="10.516795"><ele>924.8</ele></trkpt>
<trkpt lat="46.500000" lon="10.516834"><ele>924.5</ele></trkpt>
<trkpt lat="46.500000" lon="10.516874"><ele>924.3</ele></trkpt>
<trkpt lat="46.500000" lon="10.516913"><ele>924.1</ele></trkpt>
<trkpt lat="46.500000" lon="10.516952"><ele>923.8</ele></trkpt>
<trkpt lat="46.500000" lon="10.516991"><ele>923.6</ele></trkpt>
<trkpt lat="46.500000" lon="10.517030"><ele>923.3</ele></trkpt>
<trkpt lat="46.500000" lon="10.517069"><ele>923.1</ele></trkpt>
<trkpt lat="46.500000" lon="10.517109"><ele>922.9</ele></trkpt>
<trkpt lat="46.500000" lon="10.517148"><ele>922.6</ele></trkpt>
<trkpt lat="46.500000" lon="10.517187"><ele>922.4</ele></trkpt>
<trkpt lat="46.500000" lon="10.517226"><ele>922.1</ele></trkpt>
<trkpt lat="46.500000" lon="10.517265"><ele>921.9</ele></trkpt>
<trkpt lat="46.500000" lon="10.517304"><ele>921.7</ele></trkpt>
<trkpt lat="46.500000" lon="10.517343"><ele>921.4</ele></trkpt>
<trkpt lat="46.500000" lon="10.517383"><ele>921.2</ele></trkpt>
<trkpt lat="46.500000" lon="10.517422"><ele>920.9</ele></trkpt>
<trkpt lat="46.500000" lon="10.517461"><ele>920.7</ele></trkpt>
<trkpt lat="46.500000" lon="10.517500"><ele>920.5</ele></trkpt>
<trkpt lat="46.500000" lon="10.517539"><ele>920.2</ele></trkpt>
<trkpt lat="46.500000" lon="10.517578"><ele>920.0</ele></trkpt>
<trkpt lat="46.500000" lon="10.517618"><ele>919.7</ele></trkpt>
<trkpt lat="46.500000" lon="10.517657"><ele>919.5</ele></trkpt>
<trkpt lat="46.500000" lon="10.517696"><ele>919.2</ele></trkpt>
<trkpt lat="46.500000" lon="10.517735"><ele>919.0</ele></trkpt>
<trkpt lat="46.500000" lon="10.517774"><ele>918.8</ele></trkpt>
<trkpt lat="46.500000" lon="10.517813"><ele>918.5</ele></trkpt>
<trkpt lat="46.500000" lon="10.517852"><ele>918.3</ele></trkpt>
<trkpt lat="46.500000" lon="10.517892"><ele>918.0</ele></trkpt>
<trkpt lat="46.500000" lon="10.517931"><ele>917.8</ele></trkpt>
<trkpt lat="46.500000" lon="10.517970"><ele>917.6</ele></trkpt>
<trkpt lat="46.500000" lon="10.518009"><ele>917.3</ele></trkpt>
<trkpt lat="46.500000" lon="10.518048"><ele>917.1</ele></trkpt>
<trkpt lat="46.500000" lon="10.518087"><ele>916.8</ele></trkpt>
<trkpt lat="46.500000" lon="10.518126"><ele>916.6</ele></trkpt>
<trkpt lat="46.500000" lon="10.518166"><ele>916.4</ele></trkpt>
<trkpt lat="46.500000" lon="10.518205"><ele>916.1</ele></trkpt>
<trkpt lat="46.500000" lon="10.518244"><ele>915.9</ele></trkpt>
<trkpt lat="46.500000" lon="10.518283"><ele>915.6</ele></trkpt>
<trkpt lat="46.500000" lon="10.518322"><ele>915.4</ele></trkpt>
<trkpt lat="46.500000" lon="10.518361"><ele>915.2</ele></trkpt>
<trkpt lat="46.500000" lon="10.518401"><ele>914.9</ele></trkpt>
<trkpt lat="46.500000" lon="10.518440"><ele>914.7</ele></trkpt>
<trkpt lat="46.500000" lon="10.518479"><ele>914.4</ele></trkpt>
<trkpt lat="46.500000" lon="10.518518"><ele>914.2</ele></trkpt>
<trkpt lat="46.500000" lon="10.518557"><ele>914.0</ele></trkpt>
<trkpt lat="46.500000" lon="10.518596"><ele>913.7</ele></trkpt>
<trkpt lat="46.500000" lon="10.518635"><ele>913.5</ele></trkpt>
<trkpt lat="46.500000" lon="10.518675"><ele>913.2</ele></trkpt>
<trkpt lat="46.500000" lon="10.518714"><ele>913.0</ele></trkpt>
<trkpt lat="46.500000" lon="10.518753"><ele>912.8</ele></trkpt>
<trkpt lat="46.500000" lon="10.518792"><ele>912.5</ele></trkpt>
<trkpt lat="46.500000" lon="10.518831"><ele>912.3</ele></trkpt>
<trkpt lat="46.500000" lon="10.518870"><ele>912.0</ele></trkpt>
<trkpt lat="46.500000" lon="10.518909"><ele>911.8</ele></trkpt>
<trkpt lat="46.500000" lon="10.518949"><ele>911.5</ele></trkpt>
<trkpt lat="46.500000" lon="10.518988"><ele>911.3</ele></trkpt>
<trkpt lat="46.500000" lon="10.519027"><ele>911.1</ele></trkpt>
<trkpt lat="46.500000" lon="10.519066"><ele>910.8</ele></trkpt>
<trkpt lat="46.500000" lon="10.519105"><ele>910.6</ele></trkpt>
<trkpt lat="46.500000" lon="10.519144"><ele>910.3</ele></trkpt>
<trkpt lat="46.500000" lon="10.519184"><ele>910.1</ele></trkpt>
<trkpt lat="46.500000" lon="10.519223"><ele>909.9</ele></trkpt>
<trkpt lat="46.500000" lon="10.519262"><ele>909.6</ele></trkpt>
<trkpt lat="46.500000" lon="10.519301"><ele>909.4</ele></trkpt>
<trkpt lat="46.500000" lon="10.519340"><ele>909.1</ele></trkpt>
<trkpt lat="46.500000" lon="10.519379"><ele>908.9</ele></trkpt>
<trkpt lat="46.500000" lon="10.519418"><ele>908.7</ele></trkpt>
<trkpt lat="46.500000" lon="10.519458"><ele>908.4</ele></trkpt>
<trkpt lat="46.500000" lon="10.519497"><ele>908.2</ele></trkpt>
<trkpt lat="46.500000" lon="10.519536"><ele>907.9</ele></trkpt>
<trkpt lat="46.500000" lon="10.519575"><ele>907.7</ele></trkpt>
<trkpt lat="46.500000" lon="10.519614"><ele>907.5</ele></trkpt>
<trkpt lat="46.500000" lon="10.519653"><ele>907.2</ele></trkpt>
<trkpt lat="46.500000" lon="10.519692"><ele>907.0</ele></trkpt>
<trkpt lat="46.500000" lon="10.519732"><ele>906.7</ele></trkpt>
<trkpt lat="46.500000" lon="10.519771"><ele>906.5</ele></trkpt>
<trkpt lat="46.500000" lon="10.519810"><ele>906.3</ele></trkpt>
<trkpt lat="46.500000" lon="10.519849"><ele>906.0</ele></trkpt>
<trkpt lat="46.500000" lon="10.519888"><ele>905.8</ele></trkpt>
<trkpt lat="46.500000" lon="10.519927"><ele>905.5</ele></trkpt>
<trkpt lat="46.500000" lon="10.519967"><ele>905.3</ele></trkpt>
<trkpt lat="46.500000" lon="10.520006"><ele>905.1</ele></trkpt>
<trkpt lat="46.500000" lon="10.520045"><ele>904.8</ele></trkpt>
<trkpt lat="46.500000" lon="10.520084"><ele>904.6</ele></trkpt>
<trkpt lat="46.500000" lon="10.520123"><ele>904.3</ele></trkpt>
<trkpt lat="46.500000" lon="10.520162"><ele>904.1</ele></trkpt>
<trkpt lat="46.500000" lon="10.520201"><ele>903.8</ele></trkpt>
<trkpt lat="46.500000" lon="10.520241"><ele>903.6</ele></trkpt>
<trkpt lat="46.500000" lon="10.520280"><ele>903.4</ele></trkpt>
<trkpt lat="46.500000" lon="10.520319"><ele>903.1</ele></trkpt>
<trkpt lat="46.500000" lon="10.520358"><ele>902.9</ele></trkpt>
<trkpt lat="46.500000" lon="10.520397"><ele>902.6</ele></trkpt>
<trkpt lat="46.500000" lon="10.520436"><ele>902.4</ele></trkpt>
<trkpt lat="46.500000" lon="10.520475"><ele>902.2</ele></trkpt>
<trkpt lat="46.500000" lon="10.520515"><ele>901.9</ele></trkpt>
<trkpt lat="46.500000" lon="10.520554"><ele>901.7</ele></trkpt>
<trkpt lat="46.500000" lon="10.520593"><ele>901.4</ele></trkpt>
<trkpt lat="46.500000" lon="10.520632"><ele>901.2</ele></trkpt>
<trkpt lat="46.500000" lon="10.520671"><ele>901.0</ele></trkpt>
<trkpt lat="46.500000" lon="10.520710"><ele>900.7</ele></trkpt>
<trkpt lat="46.500000" lon="10.520750"><ele>900.5</ele></trkpt>
<trkpt lat="46.500000" lon="10.520789"><ele>900.2</ele></trkpt>
<trkpt lat="46.500000" lon="10.520828"><ele>900.0</ele></trkpt>
<trkpt lat="46.500000" lon="10.520867"><ele>900.0</ele></trkpt>
<trkpt lat="46.500000" lon="10.520906"><ele>900.0</ele></trkpt>
<trkpt lat="46.500000" lon="10.520945"><ele>900.0</ele></trkpt>
<trkpt lat="46.500000" lon="10.520984"><ele>900.0</ele></trkpt>
<trkpt lat="46.500000" lon="10.521024"><ele>900.0</ele></trkpt>
<trkpt lat="46.500000" lon="10.521063"><ele>900.0</ele></trkpt>
<trkpt lat="46.500000" lon="10.521102"><ele>900.0</ele></trkpt>
<trkpt lat="46.500000" lon="10.521141"><ele>900.0</ele></trkpt>
<trkpt lat="46.500000" lon="10.521180"><ele>900.0</ele></trkpt>
<trkpt lat="46.500000" lon="10.521219"><ele>900.0</ele></trkpt>
<trkpt lat="46.500000" lon="10.521258"><ele>900.0</ele></trkpt>
<trkpt lat="46.500000" lon="10.521298"><ele>900.0</ele></trkpt>
<trkpt lat="46.500000" lon="10.521337"><ele>900.0</ele></trkpt>
<trkpt lat="46.500000" lon="10.521376"><ele>900.0</ele></trkpt>
<trkpt lat="46.500000" lon="10.521415"><ele>900.0</ele></trkpt>
<trkpt lat="46.500000" lon="10.521454"><ele>900.0</ele></trkpt>
<trkpt lat="46.500000" lon="10.521493"><ele>900.0</ele></trkpt>
<trkpt lat="46.500000" lon="10.521532"><ele>900.0</ele></trkpt>
<trkpt lat="46.500000" lon="10.521572"><ele>900.0</ele></trkpt>
<trkpt lat="46.500000" lon="10.521611"><ele>900.0</ele></trkpt>
<trkpt lat="46.500000" lon="10.521650"><ele>900.0</ele></trkpt>
<trkpt lat="46.500000" lon="10.521689"><ele>900.0</ele></trkpt>
<trkpt lat="46.500000" lon="10.521728"><ele>900.0</ele></trkpt>
<trkpt lat="46.500000" lon="10.521767"><ele>900.0</ele></trkpt>
<trkpt lat="46.500000" lon="10.521807"><ele>900.0</ele></trkpt>
<trkpt lat="46.500000" lon="10.521846"><ele>900.0</ele></trkpt>
<trkpt lat="46.500000" lon="10.521885"><ele>900.0</ele></trkpt>
<trkpt lat="46.500000" lon="10.521924"><ele>900.0</ele></trkpt>
<trkpt lat="46.500000" lon="10.521963"><ele>900.0</ele></trkpt>
<trkpt lat="46.500000" lon="10.522002"><ele>900.0</ele></trkpt>
<trkpt lat="46.500000" lon="10.522041"><ele>900.0</ele></trkpt>
<trkpt lat="46.500000" lon="10.522081"><ele>900.0</ele></trkpt>
<trkpt lat="46.500000" lon="10.522120"><ele>900.0</ele></trkpt>
<trkpt lat="46.500000" lon="10.522159"><ele>900.0</ele></trkpt>
<trkpt lat="46.500000" lon="10.522198"><ele>900.0</ele></trkpt>
<trkpt lat="46.500000" lon="10.522237"><ele>900.0</ele></trkpt>
<trkpt lat="46.500000" lon="10.522276"><ele>900.0</ele></trkpt>
<trkpt lat="46.500000" lon="10.522315"><ele>900.0</ele></trkpt>
<trkpt lat="46.500000" lon="10.522355"><ele>900.0</ele></trkpt>
<trkpt lat="46.500000" lon="10.522394"><ele>900.0</ele></trkpt>
<trkpt lat="46.500000" lon="10.522433"><ele>900.0</ele></trkpt>
<trkpt lat="46.500000" lon="10.522472"><ele>900.0</ele></trkpt>
<trkpt lat="46.500000" lon="10.522511"><ele>900.0</ele></trkpt>
<trkpt lat="46.500000" lon="10.522550"><ele>900.0</ele></trkpt>
<trkpt lat="46.500000" lon="10.522590"><ele>900.0</ele></trkpt>
<trkpt lat="46.500000" lon="10.522629"><ele>900.0</ele></trkpt>
<trkpt lat="46.500000" lon="10.522668"><ele>900.0</ele></trkpt>
<trkpt lat="46.500000" lon="10.522707"><ele>900.0</ele></trkpt>
<trkpt lat="46.500000" lon="10.522746"><ele>900.0</ele></trkpt>
<trkpt lat="46.500000" lon="10.522785"><ele>900.0</ele></trkpt>
<trkpt lat="46.500000" lon="10.522824"><ele>900.0</ele></trkpt>
<trkpt lat="46.500000" lon="10.522864"><ele>900.0</ele></trkpt>
<trkpt lat="46.500000" lon="10.522903"><ele>900.0</ele></trkpt>
<trkpt lat="46.500000" lon="10.522942"><ele>900.0</ele></trkpt>
<trkpt lat="46.500000" lon="10.522981"><ele>900.0</ele></trkpt>
<trkpt lat="46.500000" lon="10.523020"><ele>900.0</ele></trkpt>
<trkpt lat="46.500000" lon="10.523059"><ele>900.0</ele></trkpt>
<trkpt lat="46.500000" lon="10.523098"><ele>900.0</ele></trkpt>
<trkpt lat="46.500000" lon="10.523138"><ele>900.0</ele></trkpt>
<trkpt lat="46.500000" lon="10.523177"><ele>900.0</ele></trkpt>
<trkpt lat="46.500000" lon="10.523216"><ele>900.0</ele></trkpt>
<trkpt lat="46.500000" lon="10.523255"><ele>900.0</ele></trkpt>
<trkpt lat="46.500000" lon="10.523294"><ele>900.0</ele></trkpt>
<trkpt lat="46.500000" lon="10.523333"><ele>900.0</ele></trkpt>
<trkpt lat="46.500000" lon="10.523373"><ele>900.0</ele></trkpt>
<trkpt lat="46.500000" lon="10.523412"><ele>900.0</ele></trkpt>
<trkpt lat="46.500000" lon="10.523451"><ele>900.2</ele></trkpt>
<trkpt lat="46.500000" lon="10.523490"><ele>900.5</ele></trkpt>
<trkpt lat="46.500000" lon="10.523529"><ele>900.7</ele></trkpt>
<trkpt lat="46.500000" lon="10.523568"><ele>901.0</ele></trkpt>
<trkpt lat="46.500000" lon="10.523607"><ele>901.2</ele></trkpt>
<trkpt lat="46.500000" lon="10.523647"><ele>901.4</ele></trkpt>
<trkpt lat="46.500000" lon="10.523686"><ele>901.7</ele></trkpt>
<trkpt lat="46.500000" lon="10.523725"><ele>901.9</ele></trkpt>
<trkpt lat="46.500000" lon="10.523764"><ele>902.2</ele></trkpt>
<trkpt lat="46.500000" lon="10.523803"><ele>902.4</ele></trkpt>
<trkpt lat="46.500000" lon="10.523842"><ele>902.6</ele></trkpt>
<trkpt lat="46.500000" lon="10.523881"><ele>902.9</ele></trkpt>
<trkpt lat="46.500000" lon="10.523921"><ele>903.1</ele></trkpt>
<trkpt lat="46.500000" lon="10.523960"><ele>903.4</ele></trkpt>
<trkpt lat="46.500000" lon="10.523999"><ele>903.6</ele></trkpt>
<trkpt lat="46.500000" lon="10.524038"><ele>903.8</ele></trkpt>
<trkpt lat="46.500000" lon="10.524077"><ele>904.1</ele></trkpt>
<trkpt lat="46.500000" lon="10.524116"><ele>904.3</ele></trkpt>
<trkpt lat="46.500000" lon="10.524156"><ele>904.6</ele></trkpt>
<trkpt lat="46.500000" lon="10.524195"><ele>904.8</ele></trkpt>
<trkpt lat="46.500000" lon="10.524234"><ele>905.1</ele></trkpt>
<trkpt lat="46.500000" lon="10.524273"><ele>905.3</ele></trkpt>
<trkpt lat="46.500000" lon="10.524312"><ele>905.5</ele></trkpt>
<trkpt lat="46.500000" lon="10.524351"><ele>905.8</ele></trkpt>
<trkpt lat="46.500000" lon="10.524390"><ele>906.0</ele></trkpt>
<trkpt lat="46.500000" lon="10.524430"><ele>906.3</ele></trkpt>
<trkpt lat="46.500000" lon="10.524469"><ele>906.5</ele></trkpt>
<trkpt lat="46.500000" lon="10.524508"><ele>906.7</ele></trkpt>
<trkpt lat="46.500000" lon="10.524547"><ele>907.0</ele></trkpt>
<trkpt lat="46.500000" lon="10.524586"><ele>907.2</ele></trkpt>
<trkpt lat="46.500000" lon="10.524625"><ele>907.5</ele></trkpt>
<trkpt lat="46.500000" lon="10.524665"><ele>907.7</ele></trkpt>
<trkpt lat="46.500000" lon="10.524704"><ele>907.9</ele></trkpt>
<trkpt lat="46.500000" lon="10.524743"><ele>908.2</ele></trkpt>
<trkpt lat="46.500000" lon="10.524782"><ele>908.4</ele></trkpt>
<trkpt lat="46.500000" lon="10.524821"><ele>908.7</ele></trkpt>
<trkpt lat="46.500000" lon="10.524860"><ele>908.9</ele></trkpt>
<trkpt lat="46.500000" lon="10.524899"><ele>909.1</ele></trkpt>
<trkpt lat="46.500000" lon="10.524939"><ele>909.4</ele></trkpt>
<trkpt lat="46.500000" lon="10.524978"><ele>909.6</ele></trkpt>
<trkpt lat="46.500000" lon="10.525017"><ele>909.9</ele></trkpt>
<trkpt lat="46.500000" lon="10.525056"><ele>910.1</ele></trkpt>
<trkpt lat="46.500000" lon="10.525095"><ele>910.3</ele></trkpt>
<trkpt lat="46.500000" lon="10.525134"><ele>910.6</ele></trkpt>
<trkpt lat="46.500000" lon="10.525173"><ele>910.8</ele></trkpt>
<trkpt lat="46.500000" lon="10.525213"><ele>911.1</ele></trkpt>
<trkpt lat="46.500000" lon="10.525252"><ele>911.3</ele></trkpt>
<trkpt lat="46.500000" lon="10.525291"><ele>911.5</ele></trkpt>
<trkpt lat="46.500000" lon="10.525330"><ele>911.8</ele></trkpt>
<trkpt lat="46.500000" lon="10.525369"><ele>912.0</ele></trkpt>
<trkpt lat="46.500000" lon="10.525408"><ele>912.3</ele></trkpt>
<trkpt lat="46.500000" lon="10.525448"><ele>912.5</ele></trkpt>
<trkpt lat="46.500000" lon="10.525487"><ele>912.8</ele></trkpt>
<trkpt lat="46.500000" lon="10.525526"><ele>913.0</ele></trkpt>
<trkpt lat="46.500000" lon="10.525565"><ele>913.2</ele></trkpt>
<trkpt lat="46.500000" lon="10.525604"><ele>913.5</ele></trkpt>
<trkpt lat="46.500000" lon="10.525643"><ele>913.7</ele></trkpt>
<trkpt lat="46.500000" lon="10.525682"><ele>914.0</ele></trkpt>
<trkpt lat="46.500000" lon="10.525722"><ele>914.2</ele></trkpt>
<trkpt lat="46.500000" lon="10.525761"><ele>914.4</ele></trkpt>
<trkpt lat="46.500000" lon="10.525800"><ele>914.7</ele></trkpt>
<trkpt lat="46.500000" lon="10.525839"><ele>914.9</ele></trkpt>
<trkpt lat="46.500000" lon="10.525878"><ele>915.2</ele></trkpt>
<trkpt lat="46.500000" lon="10.525917"><ele>915.4</ele></trkpt>
<trkpt lat="46.500000" lon="10.525956"><ele>915.6</ele></trkpt>
<trkpt lat="46.500000" lon="10.525996"><ele>915.9</ele></trkpt>
<trkpt lat="46.500000" lon="10.526035"><ele>916.1</ele></trkpt>
<trkpt lat="46.500000" lon="10.526074"><ele>916.4</ele></trkpt>
<trkpt lat="46.500000" lon="10.526113"><ele>916.6</ele></trkpt>
<trkpt lat="46.500000" lon="10.526152"><ele>916.8</ele></trkpt>
<trkpt lat="46.500000" lon="10.526191"><ele>917.1</ele></trkpt>
<trkpt lat="46.500000" lon="10.526231"><ele>917.3</ele></trkpt>
<trkpt lat="46.500000" lon="10.526270"><ele>917.6</ele></trkpt>
<trkpt lat="46.500000" lon="10.526309"><ele>917.8</ele></trkpt>
<trkpt lat="46.500000" lon="10.526348"><ele>918.0</ele></trkpt>
<trkpt lat="46.500000" lon="10.526387"><ele>918.3</ele></trkpt>
<trkpt lat="46.500000" lon="10.526426"><ele>918.5</ele></trkpt>
<trkpt lat="46.500000" lon="10.526465"><ele>918.8</ele></trkpt>
<trkpt lat="46.500000" lon="10.526505"><ele>919.0</ele></trkpt>
<trkpt lat="46.500000" lon="10.526544"><ele>919.2</ele></trkpt>
<trkpt lat="46.500000" lon="10.526583"><ele>919.5</ele></trkpt>
<trkpt lat="46.500000" lon="10.526622"><ele>919.7</ele></trkpt>
<trkpt lat="46.500000" lon="10.526661"><ele>920.0</ele></trkpt>
<trkpt lat="46.500000" lon="10.526700"><ele>920.2</ele></trkpt>
<trkpt lat="46.500000" lon="10.526739"><ele>920.5</ele></trkpt>
<trkpt lat="46.500000" lon="10.526779"><ele>920.7</ele></trkpt>
<trkpt lat="46.500000" lon="10.526818"><ele>920.9</ele></trkpt>
<trkpt lat="46.500000" lon="10.526857"><ele>921.2</ele></trkpt>
<trkpt lat="46.500000" lon="10.526896"><ele>921.4</ele></trkpt>
<trkpt lat="46.500000" lon="10.526935"><ele>921.7</ele></trkpt>
<trkpt lat="46.500000" lon="10.526974"><ele>921.9</ele></trkpt>
<trkpt lat="46.500000" lon="10.527014"><ele>922.1</ele></trkpt>
<trkpt lat="46.500000" lon="10.527053"><ele>922.4</ele></trkpt>
<trkpt lat="46.500000" lon="10.527092"><ele>922.6</ele></trkpt>
<trkpt lat="46.500000" lon="10.527131"><ele>922.9</ele></trkpt>
<trkpt lat="46.500000" lon="10.527170"><ele>923.1</ele></trkpt>
<trkpt lat="46.500000" lon="10.527209"><ele>923.3</ele></trkpt>
<trkpt lat="46.500000" lon="10.527248"><ele>923.6</ele></trkpt>
<trkpt lat="46.500000" lon="10.527288"><ele>923.8</ele></trkpt>
<trkpt lat="46.500000" lon="10.527327"><ele>924.1</ele></trkpt>
<trkpt lat="46.500000" lon="10.527366"><ele>924.3</ele></trkpt>
<trkpt lat="46.500000" lon="10.527405"><ele>924.5</ele></trkpt>
<trkpt lat="46.500000" lon="10.527444"><ele>924.8</ele></trkpt>
<trkpt lat="46.500000" lon="10.527483"><ele>925.0</ele></trkpt>
<trkpt lat="46.500000" lon="10.527522"><ele>925.3</ele></trkpt>
<trkpt lat="46.500000" lon="10.527562"><ele>925.5</ele></trkpt>
<trkpt lat="46.500000" lon="10.527601"><ele>925.7</ele></trkpt>
<trkpt lat="46.500000" lon="10.527640"><ele>926.0</ele></trkpt>
<trkpt lat="46.500000" lon="10.527679"><ele>926.2</ele></trkpt>
<trkpt lat="46.500000" lon="10.527718"><ele>926.5</ele></trkpt>
<trkpt lat="46.500000" lon="10.527757"><ele>926.7</ele></trkpt>
<trkpt lat="46.500000" lon="10.527796"><ele>926.9</ele></trkpt>
<trkpt lat="46.500000" lon="10.527836"><ele>927.2</ele></trkpt>
<trkpt lat="46.500000" lon="10.527875"><ele>927.4</ele></trkpt>
<trkpt lat="46.500000" lon="10.527914"><ele>927.7</ele></trkpt>
<trkpt lat="46.500000" lon="10.527953"><ele>927.9</ele></trkpt>
<trkpt lat="46.500000" lon="10.527992"><ele>928.2</ele></trkpt>
<trkpt lat="46.500000" lon="10.528031"><ele>928.4</ele></trkpt>
<trkpt lat="46.500000" lon="10.528071"><ele>928.6</ele></trkpt>
<trkpt lat="46.500000" lon="10.528110"><ele>928.9</ele></trkpt>
<trkpt lat="46.500000" lon="10.528149"><ele>929.1</ele></trkpt>
<trkpt lat="46.500000" lon="10.528188"><ele>929.4</ele></trkpt>
<trkpt lat="46.500000" lon="10.528227"><ele>929.6</ele></trkpt>
<trkpt lat="46.500000" lon="10.528266"><ele>929.8</ele></trkpt>
<trkpt lat="46.500000" lon="10.528305"><ele>930.1</ele></trkpt>
<trkpt lat="46.500000" lon="10.528345"><ele>930.3</ele></trkpt>
<trkpt lat="46.500000" lon="10.528384"><ele>930.6</ele></trkpt>
<trkpt lat="46.500000" lon="10.528423"><ele>930.8</ele></trkpt>
<trkpt lat="46.500000" lon="10.528462"><ele>931.0</ele></trkpt>
<trkpt lat="46.500000" lon="10.528501"><ele>931.3</ele></trkpt>
<trkpt lat="46.500000" lon="10.528540"><ele>931.5</ele></trkpt>
<trkpt lat="46.500000" lon="10.528579"><ele>931.8</ele></trkpt>
<trkpt lat="46.500000" lon="10.528619"><ele>932.0</ele></trkpt>
<trkpt lat="46.500000" lon="10.528658"><ele>932.2</ele></trkpt>
<trkpt lat="46.500000" lon="10.528697"><ele>932.5</ele></trkpt>
<trkpt lat="46.500000" lon="10.528736"><ele>932.7</ele></trkpt>
<trkpt lat="46.500000" lon="10.528775"><ele>933.0</ele></trkpt>
<trkpt lat="46.500000" lon="10.528814"><ele>933.2</ele></trkpt>
<trkpt lat="46.500000" lon="10.528854"><ele>933.4</ele></trkpt>
<trkpt lat="46.500000" lon="10.528893"><ele>933.7</ele></trkpt>
<trkpt lat="46.500000" lon="10.528932"><ele>933.9</ele></trkpt>
<trkpt lat="46.500000" lon="10.528971"><ele>934.2</ele></trkpt>
<trkpt lat="46.500000" lon="10.529010"><ele>934.4</ele></trkpt>
<trkpt lat="46.500000" lon="10.529049"><ele>934.6</ele></trkpt>
<trkpt lat="46.500000" lon="10.529088"><ele>934.9</ele></trkpt>
<trkpt lat="46.500000" lon="10.529128"><ele>935.1</ele></trkpt>
<trkpt lat="46.500000" lon="10.529167"><ele>935.4</ele></trkpt>
<trkpt lat="46.500000" lon="10.529206"><ele>935.6</ele></trkpt>
<trkpt lat="46.500000" lon="10.529245"><ele>935.8</ele></trkpt>
<trkpt lat="46.500000" lon="10.529284"><ele>936.1</ele></trkpt>
<trkpt lat="46.500000" lon="10.529323"><ele>936.3</ele></trkpt>
<trkpt lat="46.500000" lon="10.529362"><ele>936.6</ele></trkpt>
<trkpt lat="46.500000" lon="10.529402"><ele>936.8</ele></trkpt>
<trkpt lat="46.500000" lon="10.529441"><ele>937.1</ele></trkpt>
<trkpt lat="46.500000" lon="10.529480"><ele>937.3</ele></trkpt>
<trkpt lat="46.500000" lon="10.529519"><ele>937.5</ele></trkpt>
<trkpt lat="46.500000" lon="10.529558"><ele>937.8</ele></trkpt>
<trkpt lat="46.500000" lon="10.529597"><ele>938.0</ele></trkpt>
<trkpt lat="46.500000" lon="10.529637"><ele>938.3</ele></trkpt>
<trkpt lat="46.500000" lon="10.529676"><ele>938.5</ele></trkpt>
<trkpt lat="46.500000" lon="10.529715"><ele>938.7</ele></trkpt>
<trkpt lat="46.500000" lon="10.529754"><ele>939.0</ele></trkpt>
<trkpt lat="46.500000" lon="10.529793"><ele>939.2</ele></trkpt>
<trkpt lat="46.500000" lon="10.529832"><ele>939.5</ele></trkpt>
<trkpt lat="46.500000" lon="10.529871"><ele>939.7</ele></trkpt>
<trkpt lat="46.500000" lon="10.529911"><ele>939.9</ele></trkpt>
<trkpt lat="46.500000" lon="10.529950"><ele>940.2</ele></trkpt>
<trkpt lat="46.500000" lon="10.529989"><ele>940.4</ele></trkpt>
<trkpt lat="46.500000" lon="10.530028"><ele>940.7</ele></trkpt>
<trkpt lat="46.500000" lon="10.530067"><ele>940.9</ele></trkpt>
<trkpt lat="46.500000" lon="10.530106"><ele>941.1</ele></trkpt>
<trkpt lat="46.500000" lon="10.530145"><ele>941.4</ele></trkpt>
<trkpt lat="46.500000" lon="10.530185"><ele>941.6</ele></trkpt>
<trkpt lat="46.500000" lon="10.530224"><ele>941.9</ele></trkpt>
<trkpt lat="46.500000" lon="10.530263"><ele>942.1</ele></trkpt>
<trkpt lat="46.500000" lon="10.530302"><ele>942.3</ele></trkpt>
<trkpt lat="46.500000" lon="10.530341"><ele>942.6</ele></trkpt>
<trkpt lat="46.500000" lon="10.530380"><ele>942.8</ele></trkpt>
<trkpt lat="46.500000" lon="10.530420"><ele>943.1</ele></trkpt>
<trkpt lat="46.500000" lon="10.530459"><ele>943.3</ele></trkpt>
<trkpt lat="46.500000" lon="10.530498"><ele>943.5</ele></trkpt>
<trkpt lat="46.500000" lon="10.530537"><ele>943.8</ele></trkpt>
<trkpt lat="46.500000" lon="10.530576"><ele>944.0</ele></trkpt>
<trkpt lat="46.500000" lon="10.530615"><ele>944.3</ele></trkpt>
<trkpt lat="46.500000" lon="10.530654"><ele>944.5</ele></trkpt>
<trkpt lat="46.500000" lon="10.530694"><ele>944.8</ele></trkpt>
<trkpt lat="46.500000" lon="10.530733"><ele>945.0</ele></trkpt>
<trkpt lat="46.500000" lon="10.530772"><ele>945.2</ele></trkpt>
<trkpt lat="46.500000" lon="10.530811"><ele>945.5</ele></trkpt>
<trkpt lat="46.500000" lon="10.530850"><ele>945.7</ele></trkpt>
<trkpt lat="46.500000" lon="10.530889"><ele>946.0</ele></trkpt>
<trkpt lat="46.500000" lon="10.530928"><ele>946.2</ele></trkpt>
<trkpt lat="46.500000" lon="10.530968"><ele>946.4</ele></trkpt>
<trkpt lat="46.500000" lon="10.531007"><ele>946.7</ele></trkpt>
<trkpt lat="46.500000" lon="10.531046"><ele>946.9</ele></trkpt>
<trkpt lat="46.500000" lon="10.531085"><ele>947.2</ele></trkpt>
<trkpt lat="46.500000" lon="10.531124"><ele>947.4</ele></trkpt>
<trkpt lat="46.500000" lon="10.531163"><ele>947.6</ele></trkpt>
<trkpt lat="46.500000" lon="10.531203"><ele>947.9</ele></trkpt>
<trkpt lat="46.500000" lon="10.531242"><ele>948.1</ele></trkpt>
<trkpt lat="46.500000" lon="10.531281"><ele>948.4</ele></trkpt>
<trkpt lat="46.500000" lon="10.531320"><ele>948.6</ele></trkpt>
<trkpt lat="46.500000" lon="10.531359"><ele>948.8</ele></trkpt>
<trkpt lat="46.500000" lon="10.531398"><ele>949.1</ele></trkpt>
<trkpt lat="46.500000" lon="10.531437"><ele>949.3</ele></trkpt>
<trkpt lat="46.500000" lon="10.531477"><ele>949.6</ele></trkpt>
<trkpt lat="46.500000" lon="10.531516"><ele>949.8</ele></trkpt>
<trkpt lat="46.500000" lon="10.531555"><ele>950.0</ele></trkpt>
<trkpt lat="46.500000" lon="10.531594"><ele>950.3</ele></trkpt>
<trkpt lat="46.500000" lon="10.531633"><ele>950.5</ele></trkpt>
<trkpt lat="46.500000" lon="10.531672"><ele>950.8</ele></trkpt>
<trkpt lat="46.500000" lon="10.531712"><ele>951.0</ele></trkpt>
<trkpt lat="46.500000" lon="10.531751"><ele>951.2</ele></trkpt>
<trkpt lat="46.500000" lon="10.531790"><ele>951.5</ele></trkpt>
<trkpt lat="46.500000" lon="10.531829"><ele>951.7</ele></trkpt>
<trkpt lat="46.500000" lon="10.531868"><ele>952.0</ele></trkpt>
<trkpt lat="46.500000" lon="10.531907"><ele>952.2</ele></trkpt>
<trkpt lat="46.500000" lon="10.531946"><ele>952.5</ele></trkpt>
<trkpt lat="46.500000" lon="10.531986"><ele>952.7</ele></trkpt>
<trkpt lat="46.500000" lon="10.532025"><ele>952.9</ele></trkpt>
<trkpt lat="46.500000" lon="10.532064"><ele>953.2</ele></trkpt>
<trkpt lat="46.500000" lon="10.532103"><ele>953.4</ele></trkpt>
<trkpt lat="46.500000" lon="10.532142"><ele>953.7</ele></trkpt>
<trkpt lat="46.500000" lon="10.532181"><ele>953.9</ele></trkpt>
<trkpt lat="46.500000" lon="10.532220"><ele>954.1</ele></trkpt>
<trkpt lat="46.500000" lon="10.532260"><ele>954.4</ele></trkpt>
<trkpt lat="46.500000" lon="10.532299"><ele>954.6</ele></trkpt>
<trkpt lat="46.500000" lon="10.532338"><ele>954.9</ele></trkpt>
<trkpt lat="46.500000" lon="10.532377"><ele>955.1</ele></trkpt>
<trkpt lat="46.500000" lon="10.532416"><ele>955.3</ele></trkpt>
<trkpt lat="46.500000" lon="10.532455"><ele>955.6</ele></trkpt>
<trkpt lat="46.500000" lon="10.532495"><ele>955.8</ele></trkpt>
<trkpt lat="46.500000" lon="10.532534"><ele>956.1</ele></trkpt>
<trkpt lat="46.500000" lon="10.532573"><ele>956.3</ele></trkpt>
<trkpt lat="46.500000" lon="10.532612"><ele>956.5</ele></trkpt>
<trkpt lat="46.500000" lon="10.532651"><ele>956.8</ele></trkpt>
<trkpt lat="46.500000" lon="10.532690"><ele>957.0</ele></trkpt>
<trkpt lat="46.500000" lon="10.532729"><ele>957.3</ele></trkpt>
<trkpt lat="46.500000" lon="10.532769"><ele>957.5</ele></trkpt>
<trkpt lat="46.500000" lon="10.532808"><ele>957.7</ele></trkpt>
<trkpt lat="46.500000" lon="10.532847"><ele>958.0</ele></trkpt>
<trkpt lat="46.500000" lon="10.532886"><ele>958.2</ele></trkpt>
<trkpt lat="46.500000" lon="10.532925"><ele>958.5</ele></trkpt>
<trkpt lat="46.500000" lon="10.532964"><ele>958.7</ele></trkpt>
<trkpt lat="46.500000" lon="10.533003"><ele>958.9</ele></trkpt>
<trkpt lat="46.500000" lon="10.533043"><ele>959.2</ele></trkpt>
<trkpt lat="46.500000" lon="10.533082"><ele>959.4</ele></trkpt>
<trkpt lat="46.500000" lon="10.533121"><ele>959.7</ele></trkpt>
<trkpt lat="46.500000" lon="10.533160"><ele>959.9</ele></trkpt>
<trkpt lat="46.500000" lon="10.533199"><ele>960.2</ele></trkpt>
<trkpt lat="46.500000" lon="10.533238"><ele>960.4</ele></trkpt>
<trkpt lat="46.500000" lon="10.533278"><ele>960.6</ele></trkpt>
<trkpt lat="46.500000" lon="10.533317"><ele>960.9</ele></trkpt>
<trkpt lat="46.500000" lon="10.533356"><ele>961.1</ele></trkpt>
<trkpt lat="46.500000" lon="10.533395"><ele>961.4</ele></trkpt>
<trkpt lat="46.500000" lon="10.533434"><ele>961.6</ele></trkpt>
<trkpt lat="46.500000" lon="10.533473"><ele>961.8</ele></trkpt>
<trkpt lat="46.500000" lon="10.533512"><ele>962.1</ele></trkpt>
<trkpt lat="46.500000" lon="10.533552"><ele>962.3</ele></trkpt>
<trkpt lat="46.500000" lon="10.533591"><ele>962.6</ele></trkpt>
<trkpt lat="46.500000" lon="10.533630"><ele>962.8</ele></trkpt>
<trkpt lat="46.500000" lon="10.533669"><ele>963.0</ele></trkpt>
<trkpt lat="46.500000" lon="10.533708"><ele>963.3</ele></trkpt>
<trkpt lat="46.500000" lon="10.533747"><ele>963.5</ele></trkpt>
<trkpt lat="46.500000" lon="10.533786"><ele>963.8</ele></trkpt>
<trkpt lat="46.500000" lon="10.533826"><ele>964.0</ele></trkpt>
<trkpt lat="46.500000" lon="10.533865"><ele>963.8</ele></trkpt>
<trkpt lat="46.500000" lon="10.533904"><ele>963.5</ele></trkpt>
<trkpt lat="46.500000" lon="10.533943"><ele>963.3</ele></trkpt>
<trkpt lat="46.500000" lon="10.533982"><ele>963.0</ele></trkpt>
<trkpt lat="46.500000" lon="10.534021"><ele>962.8</ele></trkpt>
<trkpt lat="46.500000" lon="10.534061"><ele>962.6</ele></trkpt>
<trkpt lat="46.500000" lon="10.534100"><ele>962.3</ele></trkpt>
<trkpt lat="46.500000" lon="10.534139"><ele>962.1</ele></trkpt>
<trkpt lat="46.500000" lon="10.534178"><ele>961.8</ele></trkpt>
<trkpt lat="46.500000" lon="10.534217"><ele>961.6</ele></trkpt>
<trkpt lat="46.500000" lon="10.534256"><ele>961.4</ele></trkpt>
<trkpt lat="46.500000" lon="10.534295"><ele>961.1</ele></trkpt>
<trkpt lat="46.500000" lon="10.534335"><ele>960.9</ele></trkpt>
<trkpt lat="46.500000" lon="10.534374"><ele>960.6</ele></trkpt>
<trkpt lat="46.500000" lon="10.534413"><ele>960.4</ele></trkpt>
<trkpt lat="46.500000" lon="10.534452"><ele>960.2</ele></trkpt>
<trkpt lat="46.500000" lon="10.534491"><ele>959.9</ele></trkpt>
<trkpt lat="46.500000" lon="10.534530"><ele>959.7</ele></trkpt>
<trkpt lat="46.500000" lon="10.534569"><ele>959.4</ele></trkpt>
<trkpt lat="46.500000" lon="10.534609"><ele>959.2</ele></trkpt>
<trkpt lat="46.500000" lon="10.534648"><ele>958.9</ele></trkpt>
<trkpt lat="46.500000" lon="10.534687"><ele>958.7</ele></trkpt>
<trkpt lat="46.500000" lon="10.534726"><ele>958.5</ele></trkpt>
<trkpt lat="46.500000" lon="10.534765"><ele>958.2</ele></trkpt>
<trkpt lat="46.500000" lon="10.534804"><ele>958.0</ele></trkpt>
<trkpt lat="46.500000" lon="10.534843"><ele>957.7</ele></trkpt>
<trkpt lat="46.500000" lon="10.534883"><ele>957.5</ele></trkpt>
<trkpt lat="46.500000" lon="10.534922"><ele>957.3</ele></trkpt>
<trkpt lat="46.500000" lon="10.534961"><ele>957.0</ele></trkpt>
<trkpt lat="46.500000" lon="10.535000"><ele>956.8</ele></trkpt>
<trkpt lat="46.500000" lon="10.535039"><ele>956.5</ele></trkpt>
<trkpt lat="46.500000" lon="10.535078"><ele>956.3</ele></trkpt>
<trkpt lat="46.500000" lon="10.535118"><ele>956.1</ele></trkpt>
<trkpt lat="46.500000" lon="10.535157"><ele>955.8</ele></trkpt>
<trkpt lat="46.500000" lon="10.535196"><ele>955.6</ele></trkpt>
<trkpt lat="46.500000" lon="10.535235"><ele>955.3</ele></trkpt>
<trkpt lat="46.500000" lon="10.535274"><ele>955.1</ele></trkpt>
<trkpt lat="46.500000" lon="10.535313"><ele>954.9</ele></trkpt>
<trkpt lat="46.500000" lon="10.535352"><ele>954.6</ele></trkpt>
<trkpt lat="46.500000" lon="10.535392"><ele>954.4</ele></trkpt>
<trkpt lat="46.500000" lon="10.535431"><ele>954.1</ele></trkpt>
<trkpt lat="46.500000" lon="10.535470"><ele>953.9</ele></trkpt>
<trkpt lat="46.500000" lon="10.535509"><ele>953.7</ele></trkpt>
<trkpt lat="46.500000" lon="10.535548"><ele>953.4</ele></trkpt>
<trkpt lat="46.500000" lon="10.535587"><ele>953.2</ele></trkpt>
<trkpt lat="46.500000" lon="10.535626"><ele>952.9</ele></trkpt>
<trkpt lat="46.500000" lon="10.535666"><ele>952.7</ele></trkpt>
<trkpt lat="46.500000" lon="10.535705"><ele>952.5</ele></trkpt>
<trkpt lat="46.500000" lon="10.535744"><ele>952.2</ele></trkpt>
<trkpt lat="46.500000" lon="10.535783"><ele>952.0</ele></trkpt>
<trkpt lat="46.500000" lon="10.535822"><ele>951.7</ele></trkpt>
<trkpt lat="46.500000" lon="10.535861"><ele>951.5</ele></trkpt>
<trkpt lat="46.500000" lon="10.535901"><ele>951.2</ele></trkpt>
<trkpt lat="46.500000" lon="10.535940"><ele>951.0</ele></trkpt>
<trkpt lat="46.500000" lon="10.535979"><ele>950.8</ele></trkpt>
<trkpt lat="46.500000" lon="10.536018"><ele>950.5</ele></trkpt>
<trkpt lat="46.500000" lon="10.536057"><ele>950.3</ele></trkpt>
<trkpt lat="46.500000" lon="10.536096"><ele>950.0</ele></trkpt>
<trkpt lat="46.500000" lon="10.536135"><ele>949.8</ele></trkpt>
<trkpt lat="46.500000" lon="10.536175"><ele>949.6</ele></trkpt>
<trkpt lat="46.500000" lon="10.536214"><ele>949.3</ele></trkpt>
<trkpt lat="46.500000" lon="10.536253"><ele>949.1</ele></trkpt>
<trkpt lat="46.500000" lon="10.536292"><ele>948.8</ele></trkpt>
<trkpt lat="46.500000" lon="10.536331"><ele>948.6</ele></trkpt>
<trkpt lat="46.500000" lon="10.536370"><ele>948.4</ele></trkpt>
<trkpt lat="46.500000" lon="10.536409"><ele>948.1</ele></trkpt>
<trkpt lat="46.500000" lon="10.536449"><ele>947.9</ele></trkpt>
<trkpt lat="46.500000" lon="10.536488"><ele>947.6</ele></trkpt>
<trkpt lat="46.500000" lon="10.536527"><ele>947.4</ele></trkpt>
<trkpt lat="46.500000" lon="10.536566"><ele>947.2</ele></trkpt>
<trkpt lat="46.500000" lon="10.536605"><ele>946.9</ele></trkpt>
<trkpt lat="46.500000" lon="10.536644"><ele>946.7</ele></trkpt>
<trkpt lat="46.500000" lon="10.536684"><ele>946.4</ele></trkpt>
<trkpt lat="46.500000" lon="10.536723"><ele>946.2</ele></trkpt>
<trkpt lat="46.500000" lon="10.536762"><ele>946.0</ele></trkpt>
<trkpt lat="46.500000" lon="10.536801"><ele>945.7</ele></trkpt>
<trkpt lat="46.500000" lon="10.536840"><ele>945.5</ele></trkpt>
<trkpt lat="46.500000" lon="10.536879"><ele>945.2</ele></trkpt>
<trkpt lat="46.500000" lon="10.536918"><ele>945.0</ele></trkpt>
<trkpt lat="46.500000" lon="10.536958"><ele>944.8</ele></trkpt>
<trkpt lat="46.500000" lon="10.536997"><ele>944.5</ele></trkpt>
<trkpt lat="46.500000" lon="10.537036"><ele>944.3</ele></trkpt>
<trkpt lat="46.500000" lon="10.537075"><ele>944.0</ele></trkpt>
<trkpt lat="46.500000" lon="10.537114"><ele>943.8</ele></trkpt>
<trkpt lat="46.500000" lon="10.537153"><ele>943.5</ele></trkpt>
<trkpt lat="46.500000" lon="10.537192"><ele>943.3</ele></trkpt>
<trkpt lat="46.500000" lon="10.537232"><ele>943.1</ele></trkpt>
<trkpt lat="46.500000" lon="10.537271"><ele>942.8</ele></trkpt>
<trkpt lat="46.500000" lon="10.537310"><ele>942.6</ele></trkpt>
<trkpt lat="46.500000" lon="10.537349"><ele>942.3</ele></trkpt>
<trkpt lat="46.500000" lon="10.537388"><ele>942.1</ele></trkpt>
<trkpt lat="46.500000" lon="10.537427"><ele>941.9</ele></trkpt>
<trkpt lat="46.500000" lon="10.537467"><ele>941.6</ele></trkpt>
<trkpt lat="46.500000" lon="10.537506"><ele>941.4</ele></trkpt>
<trkpt lat="46.500000" lon="10.537545"><ele>941.1</ele></trkpt>
<trkpt lat="46.500000" lon="10.537584"><ele>940.9</ele></trkpt>
<trkpt lat="46.500000" lon="10.537623"><ele>940.7</ele></trkpt>
<trkpt lat="46.500000" lon="10.537662"><ele>940.4</ele></trkpt>
<trkpt lat="46.500000" lon="10.537701"><ele>940.2</ele></trkpt>
<trkpt lat="46.500000" lon="10.537741"><ele>939.9</ele></trkpt>
<trkpt lat="46.500000" lon="10.537780"><ele>939.7</ele></trkpt>
<trkpt lat="46.500000" lon="10.537819"><ele>939.5</ele></trkpt>
<trkpt lat="46.500000" lon="10.537858"><ele>939.2</ele></trkpt>
<trkpt lat="46.500000" lon="10.537897"><ele>939.0</ele></trkpt>
<trkpt lat="46.500000" lon="10.537936"><ele>938.7</ele></trkpt>
<trkpt lat="46.500000" lon="10.537975"><ele>938.5</ele></trkpt>
<trkpt lat="46.500000" lon="10.538015"><ele>938.3</ele></trkpt>
<trkpt lat="46.500000" lon="10.538054"><ele>938.0</ele></trkpt>
<trkpt lat="46.500000" lon="10.538093"><ele>937.8</ele></trkpt>
<trkpt lat="46.500000" lon="10.538132"><ele>937.5</ele></trkpt>
<trkpt lat="46.500000" lon="10.538171"><ele>937.3</ele></trkpt>
<trkpt lat="46.500000" lon="10.538210"><ele>937.1</ele></trkpt>
<trkpt lat="46.500000" lon="10.538250"><ele>936.8</ele></trkpt>
<trkpt lat="46.500000" lon="10.538289"><ele>936.6</ele></trkpt>
<trkpt lat="46.500000" lon="10.538328"><ele>936.3</ele></trkpt>
<trkpt lat="46.500000" lon="10.538367"><ele>936.1</ele></trkpt>
<trkpt lat="46.500000" lon="10.538406"><ele>935.8</ele></trkpt>
<trkpt lat="46.500000" lon="10.538445"><ele>935.6</ele></trkpt>
<trkpt lat="46.500000" lon="10.538484"><ele>935.4</ele></trkpt>
<trkpt lat="46.500000" lon="10.538524"><ele>935.1</ele></trkpt>
<trkpt lat="46.500000" lon="10.538563"><ele>934.9</ele></trkpt>
<trkpt lat="46.500000" lon="10.538602"><ele>934.6</ele></trkpt>
<trkpt lat="46.500000" lon="10.538641"><ele>934.4</ele></trkpt>
<trkpt lat="46.500000" lon="10.538680"><ele>934.2</ele></trkpt>
<trkpt lat="46.500000" lon="10.538719"><ele>933.9</ele></trkpt>
<trkpt lat="46.500000" lon="10.538759"><ele>933.7</ele></trkpt>
<trkpt lat="46.500000" lon="10.538798"><ele>933.4</ele></trkpt>
<trkpt lat="46.500000" lon="10.538837"><ele>933.2</ele></trkpt>
<trkpt lat="46.500000" lon="10.538876"><ele>933.0</ele></trkpt>
<trkpt lat="46.500000" lon="10.538915"><ele>932.7</ele></trkpt>
<trkpt lat="46.500000" lon="10.538954"><ele>932.5</ele></trkpt>
<trkpt lat="46.500000" lon="10.538993"><ele>932.2</ele></trkpt>
<trkpt lat="46.500000" lon="10.539033"><ele>932.0</ele></trkpt>
<trkpt lat="46.500000" lon="10.539072"><ele>931.8</ele></trkpt>
<trkpt lat="46.500000" lon="10.539111"><ele>931.5</ele></trkpt>
<trkpt lat="46.500000" lon="10.539150"><ele>931.3</ele></trkpt>
<trkpt lat="46.500000" lon="10.539189"><ele>931.0</ele></trkpt>
<trkpt lat="46.500000" lon="10.539228"><ele>930.8</ele></trkpt>
<trkpt lat="46.500000" lon="10.539267"><ele>930.6</ele></trkpt>
<trkpt lat="46.500000" lon="10.539307"><ele>930.3</ele></trkpt>
<trkpt lat="46.500000" lon="10.539346"><ele>930.1</ele></trkpt>
<trkpt lat="46.500000" lon="10.539385"><ele>929.8</ele></trkpt>
<trkpt lat="46.500000" lon="10.539424"><ele>929.6</ele></trkpt>
<trkpt lat="46.500000" lon="10.539463"><ele>929.4</ele></trkpt>
<trkpt lat="46.500000" lon="10.539502"><ele>929.1</ele></trkpt>
<trkpt lat="46.500000" lon="10.539542"><ele>928.9</ele></trkpt>
<trkpt lat="46.500000" lon="10.539581"><ele>928.6</ele></trkpt>
<trkpt lat="46.500000" lon="10.539620"><ele>928.4</ele></trkpt>
<trkpt lat="46.500000" lon="10.539659"><ele>928.2</ele></trkpt>
<trkpt lat="46.500000" lon="10.539698"><ele>927.9</ele></trkpt>
<trkpt lat="46.500000" lon="10.539737"><ele>927.7</ele></trkpt>
<trkpt lat="46.500000" lon="10.539776"><ele>927.4</ele></trkpt>
<trkpt lat="46.500000" lon="10.539816"><ele>927.2</ele></trkpt>
<trkpt lat="46.500000" lon="10.539855"><ele>926.9</ele></trkpt>
<trkpt lat="46.500000" lon="10.539894"><ele>926.7</ele></trkpt>
<trkpt lat="46.500000" lon="10.539933"><ele>926.5</ele></trkpt>
<trkpt lat="46.500000" lon="10.539972"><ele>926.2</ele></trkpt>
<trkpt lat="46.500000" lon="10.540011"><ele>926.0</ele></trkpt>
<trkpt lat="46.500000" lon="10.540050"><ele>925.7</ele></trkpt>
<trkpt lat="46.500000" lon="10.540090"><ele>925.5</ele></trkpt>
<trkpt lat="46.500000" lon="10.540129"><ele>925.3</ele></trkpt>
<trkpt lat="46.500000" lon="10.540168"><ele>925.0</ele></trkpt>
<trkpt lat="46.500000" lon="10.540207"><ele>924.8</ele></trkpt>
<trkpt lat="46.500000" lon="10.540246"><ele>924.5</ele></trkpt>
<trkpt lat="46.500000" lon="10.540285"><ele>924.3</ele></trkpt>
<trkpt lat="46.500000" lon="10.540325"><ele>924.1</ele></trkpt>
<trkpt lat="46.500000" lon="10.540364"><ele>923.8</ele></trkpt>
<trkpt lat="46.500000" lon="10.540403"><ele>923.6</ele></trkpt>
<trkpt lat="46.500000" lon="10.540442"><ele>923.3</ele></trkpt>
<trkpt lat="46.500000" lon="10.540481"><ele>923.1</ele></trkpt>
<trkpt lat="46.500000" lon="10.540520"><ele>922.9</ele></trkpt>
<trkpt lat="46.500000" lon="10.540559"><ele>922.6</ele></trkpt>
<trkpt lat="46.500000" lon="10.540599"><ele>922.4</ele></trkpt>
<trkpt lat="46.500000" lon="10.540638"><ele>922.1</ele></trkpt>
<trkpt lat="46.500000" lon="10.540677"><ele>921.9</ele></trkpt>
<trkpt lat="46.500000" lon="10.540716"><ele>921.7</ele></trkpt>
<trkpt lat="46.500000" lon="10.540755"><ele>921.4</ele></trkpt>
<trkpt lat="46.500000" lon="10.540794"><ele>921.2</ele></trkpt>
<trkpt lat="46.500000" lon="10.540833"><ele>920.9</ele></trkpt>
<trkpt lat="46.500000" lon="10.540873"><ele>920.7</ele></trkpt>
<trkpt lat="46.500000" lon="10.540912"><ele>920.5</ele></trkpt>
<trkpt lat="46.500000" lon="10.540951"><ele>920.2</ele></trkpt>
<trkpt lat="46.500000" lon="10.540990"><ele>920.0</ele></trkpt>
<trkpt lat="46.500000" lon="10.541029"><ele>919.7</ele></trkpt>
<trkpt lat="46.500000" lon="10.541068"><ele>919.5</ele></trkpt>
<trkpt lat="46.500000" lon="10.541108"><ele>919.2</ele></trkpt>
<trkpt lat="46.500000" lon="10.541147"><ele>919.0</ele></trkpt>
<trkpt lat="46.500000" lon="10.541186"><ele>918.8</ele></trkpt>
<trkpt lat="46.500000" lon="10.541225"><ele>918.5</ele></trkpt>
<trkpt lat="46.500000" lon="10.541264"><ele>918.3</ele></trkpt>
<trkpt lat="46.500000" lon="10.541303"><ele>918.0</ele></trkpt>
<trkpt lat="46.500000" lon="10.541342"><ele>917.8</ele></trkpt>
<trkpt lat="46.500000" lon="10.541382"><ele>917.6</ele></trkpt>
<trkpt lat="46.500000" lon="10.541421"><ele>917.3</ele></trkpt>
<trkpt lat="46.500000" lon="10.541460"><ele>917.1</ele></trkpt>
<trkpt lat="46.500000" lon="10.541499"><ele>916.8</ele></trkpt>
<trkpt lat="46.500000" lon="10.541538"><ele>916.6</ele></trkpt>
<trkpt lat="46.500000" lon="10.541577"><ele>916.4</ele></trkpt>
<trkpt lat="46.500000" lon="10.541616"><ele>916.1</ele></trkpt>
<trkpt lat="46.500000" lon="10.541656"><ele>915.9</ele></trkpt>
<trkpt lat="46.500000" lon="10.541695"><ele>915.6</ele></trkpt>
<trkpt lat="46.500000" lon="10.541734"><ele>915.4</ele></trkpt>
<trkpt lat="46.500000" lon="10.541773"><ele>915.2</ele></trkpt>
<trkpt lat="46.500000" lon="10.541812"><ele>914.9</ele></trkpt>
<trkpt lat="46.500000" lon="10.541851"><ele>914.7</ele></trkpt>
<trkpt lat="46.500000" lon="10.541890"><ele>914.4</ele></trkpt>
<trkpt lat="46.500000" lon="10.541930"><ele>914.2</ele></trkpt>
<trkpt lat="46.500000" lon="10.541969"><ele>914.0</ele></trkpt>
<trkpt lat="46.500000" lon="10.542008"><ele>913.7</ele></trkpt>
<trkpt lat="46.500000" lon="10.542047"><ele>913.5</ele></trkpt>
<trkpt lat="46.500000" lon="10.542086"><ele>913.2</ele></trkpt>
<trkpt lat="46.500000" lon="10.542125"><ele>913.0</ele></trkpt>
<trkpt lat="46.500000" lon="10.542165"><ele>912.8</ele></trkpt>
<trkpt lat="46.500000" lon="10.542204"><ele>912.5</ele></trkpt>
<trkpt lat="46.500000" lon="10.542243"><ele>912.3</ele></trkpt>
<trkpt lat="46.500000" lon="10.542282"><ele>912.0</ele></trkpt>
<trkpt lat="46.500000" lon="10.542321"><ele>911.8</ele></trkpt>
<trkpt lat="46.500000" lon="10.542360"><ele>911.5</ele></trkpt>
<trkpt lat="46.500000" lon="10.542399"><ele>911.3</ele></trkpt>
<trkpt lat="46.500000" lon="10.542439"><ele>911.1</ele></trkpt>
<trkpt lat="46.500000" lon="10.542478"><ele>910.8</ele></trkpt>
<trkpt lat="46.500000" lon="10.542517"><ele>910.6</ele></trkpt>
<trkpt lat="46.500000" lon="10.542556"><ele>910.3</ele></trkpt>
<trkpt lat="46.500000" lon="10.542595"><ele>910.1</ele></trkpt>
<trkpt lat="46.500000" lon="10.542634"><ele>909.9</ele></trkpt>
<trkpt lat="46.500000" lon="10.542673"><ele>909.6</ele></trkpt>
<trkpt lat="46.500000" lon="10.542713"><ele>909.4</ele></trkpt>
<trkpt lat="46.500000" lon="10.542752"><ele>909.1</ele></trkpt>
<trkpt lat="46.500000" lon="10.542791"><ele>908.9</ele></trkpt>
<trkpt lat="46.500000" lon="10.542830"><ele>908.7</ele></trkpt>
<trkpt lat="46.500000" lon="10.542869"><ele>908.4</ele></trkpt>
<trkpt lat="46.500000" lon="10.542908"><ele>908.2</ele></trkpt>
<trkpt lat="46.500000" lon="10.542948"><ele>907.9</ele></trkpt>
<trkpt lat="46.500000" lon="10.542987"><ele>907.7</ele></trkpt>
<trkpt lat="46.500000" lon="10.543026"><ele>907.5</ele></trkpt>
<trkpt lat="46.500000" lon="10.543065"><ele>907.2</ele></trkpt>
<trkpt lat="46.500000" lon="10.543104"><ele>907.0</ele></trkpt>
<trkpt lat="46.500000" lon="10.543143"><ele>906.7</ele></trkpt>
<trkpt lat="46.500000" lon="10.543182"><ele>906.5</ele></trkpt>
<trkpt lat="46.500000" lon="10.543222"><ele>906.3</ele></trkpt>
<trkpt lat="46.500000" lon="10.543261"><ele>906.0</ele></trkpt>
<trkpt lat="46.500000" lon="10.543300"><ele>905.8</ele></trkpt>
<trkpt lat="46.500000" lon="10.543339"><ele>905.5</ele></trkpt>
<trkpt lat="46.500000" lon="10.543378"><ele>905.3</ele></trkpt>
<trkpt lat="46.500000" lon="10.543417"><ele>905.1</ele></trkpt>
<trkpt lat="46.500000" lon="10.543456"><ele>904.8</ele></trkpt>
<trkpt lat="46.500000" lon="10.543496"><ele>904.6</ele></trkpt>
<trkpt lat="46.500000" lon="10.543535"><ele>904.3</ele></trkpt>
<trkpt lat="46.500000" lon="10.543574"><ele>904.1</ele></trkpt>
<trkpt lat="46.500000" lon="10.543613"><ele>903.8</ele></trkpt>
<trkpt lat="46.500000" lon="10.543652"><ele>903.6</ele></trkpt>
<trkpt lat="46.500000" lon="10.543691"><ele>903.4</ele></trkpt>
<trkpt lat="46.500000" lon="10.543731"><ele>903.1</ele></trkpt>
<trkpt lat="46.500000" lon="10.543770"><ele>902.9</ele></trkpt>
<trkpt lat="46.500000" lon="10.543809"><ele>902.6</ele></trkpt>
<trkpt lat="46.500000" lon="10.543848"><ele>902.4</ele></trkpt>
<trkpt lat="46.500000" lon="10.543887"><ele>902.2</ele></trkpt>
<trkpt lat="46.500000" lon="10.543926"><ele>901.9</ele></trkpt>
<trkpt lat="46.500000" lon="10.543965"><ele>901.7</ele></trkpt>
<trkpt lat="46.500000" lon="10.544005"><ele>901.4</ele></trkpt>
<trkpt lat="46.500000" lon="10.544044"><ele>901.2</ele></trkpt>
<trkpt lat="46.500000" lon="10.544083"><ele>901.0</ele></trkpt>
<trkpt lat="46.500000" lon="10.544122"><ele>900.7</ele></trkpt>
<trkpt lat="46.500000" lon="10.544161"><ele>900.5</ele></trkpt>
<trkpt lat="46.500000" lon="10.544200"><ele>900.2</ele></trkpt>
<trkpt lat="46.500000" lon="10.544239"><ele>900.0</ele></trkpt>
<trkpt lat="46.500000" lon="10.544279"><ele>900.0</ele></trkpt>
<trkpt lat="46.500000" lon="10.544318"><ele>900.0</ele></trkpt>
<trkpt lat="46.500000" lon="10.544357"><ele>900.0</ele></trkpt>
<trkpt lat="46.500000" lon="10.544396"><ele>900.0</ele></trkpt>
<trkpt lat="46.500000" lon="10.544435"><ele>900.0</ele></trkpt>
<trkpt lat="46.500000" lon="10.544474"><ele>900.0</ele></trkpt>
<trkpt lat="46.500000" lon="10.544514"><ele>900.0</ele></trkpt>
<trkpt lat="46.500000" lon="10.544553"><ele>900.0</ele></trkpt>
<trkpt lat="46.500000" lon="10.544592"><ele>900.0</ele></trkpt>
<trkpt lat="46.500000" lon="10.544631"><ele>900.0</ele></trkpt>
<trkpt lat="46.500000" lon="10.544670"><ele>900.0</ele></trkpt>
<trkpt lat="46.500000" lon="10.544709"><ele>900.0</ele></trkpt>
<trkpt lat="46.500000" lon="10.544748"><ele>900.0</ele></trkpt>
<trkpt lat="46.500000" lon="10.544788"><ele>900.0</ele></trkpt>
<trkpt lat="46.500000" lon="10.544827"><ele>900.0</ele></trkpt>
<trkpt lat="46.500000" lon="10.544866"><ele>900.0</ele></trkpt>
<trkpt lat="46.500000" lon="10.544905"><ele>900.0</ele></trkpt>
<trkpt lat="46.500000" lon="10.544944"><ele>900.0</ele></trkpt>
<trkpt lat="46.500000" lon="10.544983"><ele>900.0</ele></trkpt>
<trkpt lat="46.500000" lon="10.545022"><ele>900.0</ele></trkpt>
<trkpt lat="46.500000" lon="10.545062"><ele>900.0</ele></trkpt>
<trkpt lat="46.500000" lon="10.545101"><ele>900.0</ele></trkpt>
<trkpt lat="46.500000" lon="10.545140"><ele>900.0</ele></trkpt>
<trkpt lat="46.500000" lon="10.545179"><ele>900.0</ele></trkpt>
<trkpt lat="46.500000" lon="10.545218"><ele>900.0</ele></trkpt>
<trkpt lat="46.500000" lon="10.545257"><ele>900.0</ele></trkpt>
<trkpt lat="46.500000" lon="10.545297"><ele>900.0</ele></trkpt>
<trkpt lat="46.500000" lon="10.545336"><ele>900.0</ele></trkpt>
<trkpt lat="46.500000" lon="10.545375"><ele>900.0</ele></trkpt>
<trkpt lat="46.500000" lon="10.545414"><ele>900.0</ele></trkpt>
<trkpt lat="46.500000" lon="10.545453"><ele>900.0</ele></trkpt>
<trkpt lat="46.500000" lon="10.545492"><ele>900.0</ele></trkpt>
<trkpt lat="46.500000" lon="10.545531"><ele>900.0</ele></trkpt>
<trkpt lat="46.500000" lon="10.545571"><ele>900.0</ele></trkpt>
<trkpt lat="46.500000" lon="10.545610"><ele>900.0</ele></trkpt>
<trkpt lat="46.500000" lon="10.545649"><ele>900.0</ele></trkpt>
<trkpt lat="46.500000" lon="10.545688"><ele>900.0</ele></trkpt>
<trkpt lat="46.500000" lon="10.545727"><ele>900.0</ele></trkpt>
<trkpt lat="46.500000" lon="10.545766"><ele>900.0</ele></trkpt>
<trkpt lat="46.500000" lon="10.545806"><ele>900.0</ele></trkpt>
<trkpt lat="46.500000" lon="10.545845"><ele>900.0</ele></trkpt>
<trkpt lat="46.500000" lon="10.545884"><ele>900.0</ele></trkpt>
<trkpt lat="46.500000" lon="10.545923"><ele>900.0</ele></trkpt>
<trkpt lat="46.500000" lon="10.545962"><ele>900.0</ele></trkpt>
<trkpt lat="46.500000" lon="10.546001"><ele>900.0</ele></trkpt>
<trkpt lat="46.500000" lon="10.546040"><ele>900.0</ele></trkpt>
<trkpt lat="46.500000" lon="10.546080"><ele>900.0</ele></trkpt>
<trkpt lat="46.500000" lon="10.546119"><ele>900.0</ele></trkpt>
<trkpt lat="46.500000" lon="10.546158"><ele>900.0</ele></trkpt>
<trkpt lat="46.500000" lon="10.546197"><ele>900.0</ele></trkpt>
<trkpt lat="46.500000" lon="10.546236"><ele>900.0</ele></trkpt>
<trkpt lat="46.500000" lon="10.546275"><ele>900.0</ele></trkpt>
<trkpt lat="46.500000" lon="10.546314"><ele>900.0</ele></trkpt>
<trkpt lat="46.500000" lon="10.546354"><ele>900.0</ele></trkpt>
<trkpt lat="46.500000" lon="10.546393"><ele>900.0</ele></trkpt>
<trkpt lat="46.500000" lon="10.546432"><ele>900.0</ele></trkpt>
<trkpt lat="46.500000" lon="10.546471"><ele>900.0</ele></trkpt>
<trkpt lat="46.500000" lon="10.546510"><ele>900.0</ele></trkpt>
<trkpt lat="46.500000" lon="10.546549"><ele>900.0</ele></trkpt>
<trkpt lat="46.500000" lon="10.546589"><ele>900.0</ele></trkpt>
<trkpt lat="46.500000" lon="10.546628"><ele>900.0</ele></trkpt>
<trkpt lat="46.500000" lon="10.546667"><ele>900.0</ele></trkpt>
<trkpt lat="46.500000" lon="10.546706"><ele>900.0</ele></trkpt>
<trkpt lat="46.500000" lon="10.546745"><ele>900.0</ele></trkpt>
<trkpt lat="46.500000" lon="10.546784"><ele>900.0</ele></trkpt>
<trkpt lat="46.500000" lon="10.546823"><ele>900.0</ele></trkpt>
<trkpt lat="46.500000" lon="10.546863"><ele>900.2</ele></trkpt>
<trkpt lat="46.500000" lon="10.546902"><ele>900.5</ele></trkpt>
<trkpt lat="46.500000" lon="10.546941"><ele>900.7</ele></trkpt>
<trkpt lat="46.500000" lon="10.546980"><ele>901.0</ele></trkpt>
<trkpt lat="46.500000" lon="10.547019"><ele>901.2</ele></trkpt>
<trkpt lat="46.500000" lon="10.547058"><ele>901.4</ele></trkpt>
<trkpt lat="46.500000" lon="10.547097"><ele>901.7</ele></trkpt>
<trkpt lat="46.500000" lon="10.547137"><ele>901.9</ele></trkpt>
<trkpt lat="46.500000" lon="10.547176"><ele>902.2</ele></trkpt>
<trkpt lat="46.500000" lon="10.547215"><ele>902.4</ele></trkpt>
<trkpt lat="46.500000" lon="10.547254"><ele>902.6</ele></trkpt>
<trkpt lat="46.500000" lon="10.547293"><ele>902.9</ele></trkpt>
<trkpt lat="46.500000" lon="10.547332"><ele>903.1</ele></trkpt>
<trkpt lat="46.500000" lon="10.547372"><ele>903.4</ele></trkpt>
<trkpt lat="46.500000" lon="10.547411"><ele>903.6</ele></trkpt>
<trkpt lat="46.500000" lon="10.547450"><ele>903.8</ele></trkpt>
<trkpt lat="46.500000" lon="10.547489"><ele>904.1</ele></trkpt>
<trkpt lat="46.500000" lon="10.547528"><ele>904.3</ele></trkpt>
<trkpt lat="46.500000" lon="10.547567"><ele>904.6</ele></trkpt>
<trkpt lat="46.500000" lon="10.547606"><ele>904.8</ele></trkpt>
<trkpt lat="46.500000" lon="10.547646"><ele>905.1</ele></trkpt>
<trkpt lat="46.500000" lon="10.547685"><ele>905.3</ele></trkpt>
<trkpt lat="46.500000" lon="10.547724"><ele>905.5</ele></trkpt>
<trkpt lat="46.500000" lon="10.547763"><ele>905.8</ele></trkpt>
<trkpt lat="46.500000" lon="10.547802"><ele>906.0</ele></trkpt>
<trkpt lat="46.500000" lon="10.547841"><ele>906.3</ele></trkpt>
<trkpt lat="46.500000" lon="10.547880"><ele>906.5</ele></trkpt>
<trkpt lat="46.500000" lon="10.547920"><ele>906.7</ele></trkpt>
<trkpt lat="46.500000" lon="10.547959"><ele>907.0</ele></trkpt>
<trkpt lat="46.500000" lon="10.547998"><ele>907.2</ele></trkpt>
<trkpt lat="46.500000" lon="10.548037"><ele>907.5</ele></trkpt>
<trkpt lat="46.500000" lon="10.548076"><ele>907.7</ele></trkpt>
<trkpt lat="46.500000" lon="10.548115"><ele>907.9</ele></trkpt>
<trkpt lat="46.500000" lon="10.548155"><ele>908.2</ele></trkpt>
<trkpt lat="46.500000" lon="10.548194"><ele>908.4</ele></trkpt>
<trkpt lat="46.500000" lon="10.548233"><ele>908.7</ele></trkpt>
<trkpt lat="46.500000" lon="10.548272"><ele>908.9</ele></trkpt>
<trkpt lat="46.500000" lon="10.548311"><ele>909.1</ele></trkpt>
<trkpt lat="46.500000" lon="10.548350"><ele>909.4</ele></trkpt>
<trkpt lat="46.500000" lon="10.548389"><ele>909.6</ele></trkpt>
<trkpt lat="46.500000" lon="10.548429"><ele>909.9</ele></trkpt>
<trkpt lat="46.500000" lon="10.548468"><ele>910.1</ele></trkpt>
<trkpt lat="46.500000" lon="10.548507"><ele>910.3</ele></trkpt>
<trkpt lat="46.500000" lon="10.548546"><ele>910.6</ele></trkpt>
<trkpt lat="46.500000" lon="10.548585"><ele>910.8</ele></trkpt>
<trkpt lat="46.500000" lon="10.548624"><ele>911.1</ele></trkpt>
<trkpt lat="46.500000" lon="10.548663"><ele>911.3</ele></trkpt>
<trkpt lat="46.500000" lon="10.548703"><ele>911.5</ele></trkpt>
<trkpt lat="46.500000" lon="10.548742"><ele>911.8</ele></trkpt>
<trkpt lat="46.500000" lon="10.548781"><ele>912.0</ele></trkpt>
<trkpt lat="46.500000" lon="10.548820"><ele>912.3</ele></trkpt>
<trkpt lat="46.500000" lon="10.548859"><ele>912.5</ele></trkpt>
<trkpt lat="46.500000" lon="10.548898"><ele>912.8</ele></trkpt>
<trkpt lat="46.500000" lon="10.548937"><ele>913.0</ele></trkpt>
<trkpt lat="46.500000" lon="10.548977"><ele>913.2</ele></trkpt>
<trkpt lat="46.500000" lon="10.549016"><ele>913.5</ele></trkpt>
<trkpt lat="46.500000" lon="10.549055"><ele>913.7</ele></trkpt>
<trkpt lat="46.500000" lon="10.549094"><ele>914.0</ele></trkpt>
<trkpt lat="46.500000" lon="10.549133"><ele>914.2</ele></trkpt>
<trkpt lat="46.500000" lon="10.549172"><ele>914.4</ele></trkpt>
<trkpt lat="46.500000" lon="10.549212"><ele>914.7</ele></trkpt>
<trkpt lat="46.500000" lon="10.549251"><ele>914.9</ele></trkpt>
<trkpt lat="46.500000" lon="10.549290"><ele>915.2</ele></trkpt>
<trkpt lat="46.500000" lon="10.549329"><ele>915.4</ele></trkpt>
<trkpt lat="46.500000" lon="10.549368"><ele>915.6</ele></trkpt>
<trkpt lat="46.500000" lon="10.549407"><ele>915.9</ele></trkpt>
<trkpt lat="46.500000" lon="10.549446"><ele>916.1</ele></trkpt>
<trkpt lat="46.500000" lon="10.549486"><ele>916.4</ele></trkpt>
<trkpt lat="46.500000" lon="10.549525"><ele>916.6</ele></trkpt>
<trkpt lat="46.500000" lon="10.549564"><ele>916.8</ele></trkpt>
<trkpt lat="46.500000" lon="10.549603"><ele>917.1</ele></trkpt>
<trkpt lat="46.500000" lon="10.549642"><ele>917.3</ele></trkpt>
<trkpt lat="46.500000" lon="10.549681"><ele>917.6</ele></trkpt>
<trkpt lat="46.500000" lon="10.549720"><ele>917.8</ele></trkpt>
<trkpt lat="46.500000" lon="10.549760"><ele>918.0</ele></trkpt>
<trkpt lat="46.500000" lon="10.549799"><ele>918.3</ele></trkpt>
<trkpt lat="46.500000" lon="10.549838"><ele>918.5</ele></trkpt>
<trkpt lat="46.500000" lon="10.549877"><ele>918.8</ele></trkpt>
<trkpt lat="46.500000" lon="10.549916"><ele>919.0</ele></trkpt>
<trkpt lat="46.500000" lon="10.549955"><ele>919.2</ele></trkpt>
<trkpt lat="46.500000" lon="10.549995"><ele>919.5</ele></trkpt>
<trkpt lat="46.500000" lon="10.550034"><ele>919.7</ele></trkpt>
<trkpt lat="46.500000" lon="10.550073"><ele>920.0</ele></trkpt>
<trkpt lat="46.500000" lon="10.550112"><ele>920.2</ele></trkpt>
<trkpt lat="46.500000" lon="10.550151"><ele>920.5</ele></trkpt>
<trkpt lat="46.500000" lon="10.550190"><ele>920.7</ele></trkpt>
<trkpt lat="46.500000" lon="10.550229"><ele>920.9</ele></trkpt>
<trkpt lat="46.500000" lon="10.550269"><ele>921.2</ele></trkpt>
<trkpt lat="46.500000" lon="10.550308"><ele>921.4</ele></trkpt>
<trkpt lat="46.500000" lon="10.550347"><ele>921.7</ele></trkpt>
<trkpt lat="46.500000" lon="10.550386"><ele>921.9</ele></trkpt>
<trkpt lat="46.500000" lon="10.550425"><ele>922.1</ele></trkpt>
<trkpt lat="46.500000" lon="10.550464"><ele>922.4</ele></trkpt>
<trkpt lat="46.500000" lon="10.550503"><ele>922.6</ele></trkpt>
<trkpt lat="46.500000" lon="10.550543"><ele>922.9</ele></trkpt>
<trkpt lat="46.500000" lon="10.550582"><ele>923.1</ele></trkpt>
<trkpt lat="46.500000" lon="10.550621"><ele>923.3</ele></trkpt>
<trkpt lat="46.500000" lon="10.550660"><ele>923.6</ele></trkpt>
<trkpt lat="46.500000" lon="10.550699"><ele>923.8</ele></trkpt>
<trkpt lat="46.500000" lon="10.550738"><ele>924.1</ele></trkpt>
<trkpt lat="46.500000" lon="10.550778"><ele>924.3</ele></trkpt>
<trkpt lat="46.500000" lon="10.550817"><ele>924.5</ele></trkpt>
<trkpt lat="46.500000" lon="10.550856"><ele>924.8</ele></trkpt>
<trkpt lat="46.500000" lon="10.550895"><ele>925.0</ele></trkpt>
<trkpt lat="46.500000" lon="10.550934"><ele>925.3</ele></trkpt>
<trkpt lat="46.500000" lon="10.550973"><ele>925.5</ele></trkpt>
<trkpt lat="46.500000" lon="10.551012"><ele>925.7</ele></trkpt>
<trkpt lat="46.500000" lon="10.551052"><ele>926.0</ele></trkpt>
<trkpt lat="46.500000" lon="10.551091"><ele>926.2</ele></trkpt>
<trkpt lat="46.500000" lon="10.551130"><ele>926.5</ele></trkpt>
<trkpt lat="46.500000" lon="10.551169"><ele>926.7</ele></trkpt>
<trkpt lat="46.500000" lon="10.551208"><ele>926.9</ele></trkpt>
<trkpt lat="46.500000" lon="10.551247"><ele>927.2</ele></trkpt>
<trkpt lat="46.500000" lon="10.551286"><ele>927.4</ele></trkpt>
<trkpt lat="46.500000" lon="10.551326"><ele>927.7</ele></trkpt>
<trkpt lat="46.500000" lon="10.551365"><ele>927.9</ele></trkpt>
<trkpt lat="46.500000" lon="10.551404"><ele>928.2</ele></trkpt>
<trkpt lat="46.500000" lon="10.551443"><ele>928.4</ele></trkpt>
<trkpt lat="46.500000" lon="10.551482"><ele>928.6</ele></trkpt>
<trkpt lat="46.500000" lon="10.551521"><ele>928.9</ele></trkpt>
<trkpt lat="46.500000" lon="10.551561"><ele>929.1</ele></trkpt>
<trkpt lat="46.500000" lon="10.551600"><ele>929.4</ele></trkpt>
<trkpt lat="46.500000" lon="10.551639"><ele>929.6</ele></trkpt>
<trkpt lat="46.500000" lon="10.551678"><ele>929.8</ele></trkpt>
<trkpt lat="46.500000" lon="10.551717"><ele>930.1</ele></trkpt>
<trkpt lat="46.500000" lon="10.551756"><ele>930.3</ele></trkpt>
<trkpt lat="46.500000" lon="10.551795"><ele>930.6</ele></trkpt>
<trkpt lat="46.500000" lon="10.551835"><ele>930.8</ele></trkpt>
<trkpt lat="46.500000" lon="10.551874"><ele>931.0</ele></trkpt>
<trkpt lat="46.500000" lon="10.551913"><ele>931.3</ele></trkpt>
<trkpt lat="46.500000" lon="10.551952"><ele>931.5</ele></trkpt>
<trkpt lat="46.500000" lon="10.551991"><ele>931.8</ele></trkpt>
<trkpt lat="46.500000" lon="10.552030"><ele>932.0</ele></trkpt>
<trkpt lat="46.500000" lon="10.552069"><ele>932.2</ele></trkpt>
<trkpt lat="46.500000" lon="10.552109"><ele>932.5</ele></trkpt>
<trkpt lat="46.500000" lon="10.552148"><ele>932.7</ele></trkpt>
<trkpt lat="46.500000" lon="10.552187"><ele>933.0</ele></trkpt>
<trkpt lat="46.500000" lon="10.552226"><ele>933.2</ele></trkpt>
<trkpt lat="46.500000" lon="10.552265"><ele>933.4</ele></trkpt>
<trkpt lat="46.500000" lon="10.552304"><ele>933.7</ele></trkpt>
<trkpt lat="46.500000" lon="10.552344"><ele>933.9</ele></trkpt>
<trkpt lat="46.500000" lon="10.552383"><ele>934.2</ele></trkpt>
<trkpt lat="46.500000" lon="10.552422"><ele>934.4</ele></trkpt>
<trkpt lat="46.500000" lon="10.552461"><ele>934.6</ele></trkpt>
<trkpt lat="46.500000" lon="10.552500"><ele>934.9</ele></trkpt>
<trkpt lat="46.500000" lon="10.552539"><ele>935.1</ele></trkpt>
<trkpt lat="46.500000" lon="10.552578"><ele>935.4</ele></trkpt>
<trkpt lat="46.500000" lon="10.552618"><ele>935.6</ele></trkpt>
<trkpt lat="46.500000" lon="10.552657"><ele>935.8</ele></trkpt>
<trkpt lat="46.500000" lon="10.552696"><ele>936.1</ele></trkpt>
<trkpt lat="46.500000" lon="10.552735"><ele>936.3</ele></trkpt>
<trkpt lat="46.500000" lon="10.552774"><ele>936.6</ele></trkpt>
<trkpt lat="46.500000" lon="10.552813"><ele>936.8</ele></trkpt>
<trkpt lat="46.500000" lon="10.552853"><ele>937.1</ele></trkpt>
<trkpt lat="46.500000" lon="10.552892"><ele>937.3</ele></trkpt>
<trkpt lat="46.500000" lon="10.552931"><ele>937.5</ele></trkpt>
<trkpt lat="46.500000" lon="10.552970"><ele>937.8</ele></trkpt>
<trkpt lat="46.500000" lon="10.553009"><ele>938.0</ele></trkpt>
<trkpt lat="46.500000" lon="10.553048"><ele>938.3</ele></trkpt>
<trkpt lat="46.500000" lon="10.553087"><ele>938.5</ele></trkpt>
<trkpt lat="46.500000" lon="10.553127"><ele>938.7</ele></trkpt>
<trkpt lat="46.500000" lon="10.553166"><ele>939.0</ele></trkpt>
<trkpt lat="46.500000" lon="10.553205"><ele>939.2</ele></trkpt>
<trkpt lat="46.500000" lon="10.553244"><ele>939.5</ele></trkpt>
<trkpt lat="46.500000" lon="10.553283"><ele>939.7</ele></trkpt>
<trkpt lat="46.500000" lon="10.553322"><ele>939.9</ele></trkpt>
<trkpt lat="46.500000" lon="10.553361"><ele>940.2</ele></trkpt>
<trkpt lat="46.500000" lon="10.553401"><ele>940.4</ele></trkpt>
<trkpt lat="46.500000" lon="10.553440"><ele>940.7</ele></trkpt>
<trkpt lat="46.500000" lon="10.553479"><ele>940.9</ele></trkpt>
<trkpt lat="46.500000" lon="10.553518"><ele>941.1</ele></trkpt>
<trkpt lat="46.500000" lon="10.553557"><ele>941.4</ele></trkpt>
<trkpt lat="46.500000" lon="10.553596"><ele>941.6</ele></trkpt>
<trkpt lat="46.500000" lon="10.553636"><ele>941.9</ele></trkpt>
<trkpt lat="46.500000" lon="10.553675"><ele>942.1</ele></trkpt>
<trkpt lat="46.500000" lon="10.553714"><ele>942.3</ele></trkpt>
<trkpt lat="46.500000" lon="10.553753"><ele>942.6</ele></trkpt>
<trkpt lat="46.500000" lon="10.553792"><ele>942.8</ele></trkpt>
<trkpt lat="46.500000" lon="10.553831"><ele>943.1</ele></trkpt>
<trkpt lat="46.500000" lon="10.553870"><ele>943.3</ele></trkpt>
<trkpt lat="46.500000" lon="10.553910"><ele>943.5</ele></trkpt>
<trkpt lat="46.500000" lon="10.553949"><ele>943.8</ele></trkpt>
<trkpt lat="46.500000" lon="10.553988"><ele>944.0</ele></trkpt>
<trkpt lat="46.500000" lon="10.554027"><ele>944.3</ele></trkpt>
<trkpt lat="46.500000" lon="10.554066"><ele>944.5</ele></trkpt>
<trkpt lat="46.500000" lon="10.554105"><ele>944.8</ele></trkpt>
<trkpt lat="46.500000" lon="10.554144"><ele>945.0</ele></trkpt>
<trkpt lat="46.500000" lon="10.554184"><ele>945.2</ele></trkpt>
<trkpt lat="46.500000" lon="10.554223"><ele>945.5</ele></trkpt>
<trkpt lat="46.500000" lon="10.554262"><ele>945.7</ele></trkpt>
<trkpt lat="46.500000" lon="10.554301"><ele>946.0</ele></trkpt>
<trkpt lat="46.500000" lon="10.554340"><ele>946.2</ele></trkpt>
<trkpt lat="46.500000" lon="10.554379"><ele>946.4</ele></trkpt>
<trkpt lat="46.500000" lon="10.554419"><ele>946.7</ele></trkpt>
<trkpt lat="46.500000" lon="10.554458"><ele>946.9</ele></trkpt>
<trkpt lat="46.500000" lon="10.554497"><ele>947.2</ele></trkpt>
<trkpt lat="46.500000" lon="10.554536"><ele>947.4</ele></trkpt>
<trkpt lat="46.500000" lon="10.554575"><ele>947.6</ele></trkpt>
<trkpt lat="46.500000" lon="10.554614"><ele>947.9</ele></trkpt>
<trkpt lat="46.500000" lon="10.554653"><ele>948.1</ele></trkpt>
<trkpt lat="46.500000" lon="10.554693"><ele>948.4</ele></trkpt>
<trkpt lat="46.500000" lon="10.554732"><ele>948.6</ele></trkpt>
<trkpt lat="46.500000" lon="10.554771"><ele>948.8</ele></trkpt>
<trkpt lat="46.500000" lon="10.554810"><ele>949.1</ele></trkpt>
<trkpt lat="46.500000" lon="10.554849"><ele>949.3</ele></trkpt>
<trkpt lat="46.500000" lon="10.554888"><ele>949.6</ele></trkpt>
<trkpt lat="46.500000" lon="10.554927"><ele>949.8</ele></trkpt>
<trkpt lat="46.500000" lon="10.554967"><ele>950.0</ele></trkpt>
<trkpt lat="46.500000" lon="10.555006"><ele>950.3</ele></trkpt>
<trkpt lat="46.500000" lon="10.555045"><ele>950.5</ele></trkpt>
<trkpt lat="46.500000" lon="10.555084"><ele>950.8</ele></trkpt>
<trkpt lat="46.500000" lon="10.555123"><ele>951.0</ele></trkpt>
<trkpt lat="46.500000" lon="10.555162"><ele>951.2</ele></trkpt>
<trkpt lat="46.500000" lon="10.555202"><ele>951.5</ele></trkpt>
<trkpt lat="46.500000" lon="10.555241"><ele>951.7</ele></trkpt>
<trkpt lat="46.500000" lon="10.555280"><ele>952.0</ele></trkpt>
<trkpt lat="46.500000" lon="10.555319"><ele>952.2</ele></trkpt>
<trkpt lat="46.500000" lon="10.555358"><ele>952.5</ele></trkpt>
<trkpt lat="46.500000" lon="10.555397"><ele>952.7</ele></trkpt>
<trkpt lat="46.500000" lon="10.555436"><ele>952.9</ele></trkpt>
<trkpt lat="46.500000" lon="10.555476"><ele>953.2</ele></trkpt>
<trkpt lat="46.500000" lon="10.555515"><ele>953.4</ele></trkpt>
<trkpt lat="46.500000" lon="10.555554"><ele>953.7</ele></trkpt>
<trkpt lat="46.500000" lon="10.555593"><ele>953.9</ele></trkpt>
<trkpt lat="46.500000" lon="10.555632"><ele>954.1</ele></trkpt>
<trkpt lat="46.500000" lon="10.555671"><ele>954.4</ele></trkpt>
<trkpt lat="46.500000" lon="10.555710"><ele>954.6</ele></trkpt>
<trkpt lat="46.500000" lon="10.555750"><ele>954.9</ele></trkpt>
<trkpt lat="46.500000" lon="10.555789"><ele>955.1</ele></trkpt>
<trkpt lat="46.500000" lon="10.555828"><ele>955.3</ele></trkpt>
<trkpt lat="46.500000" lon="10.555867"><ele>955.6</ele></trkpt>
<trkpt lat="46.500000" lon="10.555906"><ele>955.8</ele></trkpt>
<trkpt lat="46.500000" lon="10.555945"><ele>956.1</ele></trkpt>
<trkpt lat="46.500000" lon="10.555984"><ele>956.3</ele></trkpt>
<trkpt lat="46.500000" lon="10.556024"><ele>956.5</ele></trkpt>
<trkpt lat="46.500000" lon="10.556063"><ele>956.8</ele></trkpt>
<trkpt lat="46.500000" lon="10.556102"><ele>957.0</ele></trkpt>
<trkpt lat="46.500000" lon="10.556141"><ele>957.3</ele></trkpt>
<trkpt lat="46.500000" lon="10.556180"><ele>957.5</ele></trkpt>
<trkpt lat="46.500000" lon="10.556219"><ele>957.7</ele></trkpt>
<trkpt lat="46.500000" lon="10.556259"><ele>958.0</ele></trkpt>
<trkpt lat="46.500000" lon="10.556298"><ele>958.2</ele></trkpt>
<trkpt lat="46.500000" lon="10.556337"><ele>958.5</ele></trkpt>
<trkpt lat="46.500000" lon="10.556376"><ele>958.7</ele></trkpt>
<trkpt lat="46.500000" lon="10.556415"><ele>958.9</ele></trkpt>
<trkpt lat="46.500000" lon="10.556454"><ele>959.2</ele></trkpt>
<trkpt lat="46.500000" lon="10.556493"><ele>959.4</ele></trkpt>
<trkpt lat="46.500000" lon="10.556533"><ele>959.7</ele></trkpt>
<trkpt lat="46.500000" lon="10.556572"><ele>959.9</ele></trkpt>
<trkpt lat="46.500000" lon="10.556611"><ele>960.2</ele></trkpt>
<trkpt lat="46.500000" lon="10.556650"><ele>960.4</ele></trkpt>
<trkpt lat="46.500000" lon="10.556689"><ele>960.6</ele></trkpt>
<trkpt lat="46.500000" lon="10.556728"><ele>960.9</ele></trkpt>
<trkpt lat="46.500000" lon="10.556767"><ele>961.1</ele></trkpt>
<trkpt lat="46.500000" lon="10.556807"><ele>961.4</ele></trkpt>
<trkpt lat="46.500000" lon="10.556846"><ele>961.6</ele></trkpt>
<trkpt lat="46.500000" lon="10.556885"><ele>961.8</ele></trkpt>
<trkpt lat="46.500000" lon="10.556924"><ele>962.1</ele></trkpt>
<trkpt lat="46.500000" lon="10.556963"><ele>962.3</ele></trkpt>
<trkpt lat="46.500000" lon="10.557002"><ele>962.6</ele></trkpt>
<trkpt lat="46.500000" lon="10.557042"><ele>962.8</ele></trkpt>
<trkpt lat="46.500000" lon="10.557081"><ele>963.0</ele></trkpt>
<trkpt lat="46.500000" lon="10.557120"><ele>963.3</ele></trkpt>
<trkpt lat="46.500000" lon="10.557159"><ele>963.5</ele></trkpt>
<trkpt lat="46.500000" lon="10.557198"><ele>963.8</ele></trkpt>
<trkpt lat="46.500000" lon="10.557237"><ele>964.0</ele></trkpt>
<trkpt lat="46.500000" lon="10.557276"><ele>963.8</ele></trkpt>
<trkpt lat="46.500000" lon="10.557316"><ele>963.5</ele></trkpt>
<trkpt lat="46.500000" lon="10.557355"><ele>963.3</ele></trkpt>
<trkpt lat="46.500000" lon="10.557394"><ele>963.0</ele></trkpt>
<trkpt lat="46.500000" lon="10.557433"><ele>962.8</ele></trkpt>
<trkpt lat="46.500000" lon="10.557472"><ele>962.6</ele></trkpt>
<trkpt lat="46.500000" lon="10.557511"><ele>962.3</ele></trkpt>
<trkpt lat="46.500000" lon="10.557550"><ele>962.1</ele></trkpt>
<trkpt lat="46.500000" lon="10.557590"><ele>961.8</ele></trkpt>
<trkpt lat="46.500000" lon="10.557629"><ele>961.6</ele></trkpt>
<trkpt lat="46.500000" lon="10.557668"><ele>961.4</ele></trkpt>
<trkpt lat="46.500000" lon="10.557707"><ele>961.1</ele></trkpt>
<trkpt lat="46.500000" lon="10.557746"><ele>960.9</ele></trkpt>
<trkpt lat="46.500000" lon="10.557785"><ele>960.6</ele></trkpt>
<trkpt lat="46.500000" lon="10.557825"><ele>960.4</ele></trkpt>
<trkpt lat="46.500000" lon="10.557864"><ele>960.2</ele></trkpt>
<trkpt lat="46.500000" lon="10.557903"><ele>959.9</ele></trkpt>
<trkpt lat="46.500000" lon="10.557942"><ele>959.7</ele></trkpt>
<trkpt lat="46.500000" lon="10.557981"><ele>959.4</ele></trkpt>
<trkpt lat="46.500000" lon="10.558020"><ele>959.2</ele></trkpt>
<trkpt lat="46.500000" lon="10.558059"><ele>958.9</ele></trkpt>
<trkpt lat="46.500000" lon="10.558099"><ele>958.7</ele></trkpt>
<trkpt lat="46.500000" lon="10.558138"><ele>958.5</ele></trkpt>
<trkpt lat="46.500000" lon="10.558177"><ele>958.2</ele></trkpt>
<trkpt lat="46.500000" lon="10.558216"><ele>958.0</ele></trkpt>
<trkpt lat="46.500000" lon="10.558255"><ele>957.7</ele></trkpt>
<trkpt lat="46.500000" lon="10.558294"><ele>957.5</ele></trkpt>
<trkpt lat="46.500000" lon="10.558333"><ele>957.3</ele></trkpt>
<trkpt lat="46.500000" lon="10.558373"><ele>957.0</ele></trkpt>
<trkpt lat="46.500000" lon="10.558412"><ele>956.8</ele></trkpt>
<trkpt lat="46.500000" lon="10.558451"><ele>956.5</ele></trkpt>
<trkpt lat="46.500000" lon="10.558490"><ele>956.3</ele></trkpt>
<trkpt lat="46.500000" lon="10.558529"><ele>956.1</ele></trkpt>
<trkpt lat="46.500000" lon="10.558568"><ele>955.8</ele></trkpt>
<trkpt lat="46.500000" lon="10.558608"><ele>955.6</ele></trkpt>
<trkpt lat="46.500000" lon="10.558647"><ele>955.3</ele></trkpt>
<trkpt lat="46.500000" lon="10.558686"><ele>955.1</ele></trkpt>
<trkpt lat="46.500000" lon="10.558725"><ele>954.9</ele></trkpt>
<trkpt lat="46.500000" lon="10.558764"><ele>954.6</ele></trkpt>
<trkpt lat="46.500000" lon="10.558803"><ele>954.4</ele></trkpt>
<trkpt lat="46.500000" lon="10.558842"><ele>954.1</ele></trkpt>
<trkpt lat="46.500000" lon="10.558882"><ele>953.9</ele></trkpt>
<trkpt lat="46.500000" lon="10.558921"><ele>953.7</ele></trkpt>
<trkpt lat="46.500000" lon="10.558960"><ele>953.4</ele></trkpt>
<trkpt lat="46.500000" lon="10.558999"><ele>953.2</ele></trkpt>
<trkpt lat="46.500000" lon="10.559038"><ele>952.9</ele></trkpt>
<trkpt lat="46.500000" lon="10.559077"><ele>952.7</ele></trkpt>
<trkpt lat="46.500000" lon="10.559117"><ele>952.5</ele></trkpt>
<trkpt lat="46.500000" lon="10.559156"><ele>952.2</ele></trkpt>
<trkpt lat="46.500000" lon="10.559195"><ele>952.0</ele></trkpt>
<trkpt lat="46.500000" lon="10.559234"><ele>951.7</ele></trkpt>
<trkpt lat="46.500000" lon="10.559273"><ele>951.5</ele></trkpt>
<trkpt lat="46.500000" lon="10.559312"><ele>951.2</ele></trkpt>
<trkpt lat="46.500000" lon="10.559351"><ele>951.0</ele></trkpt>
<trkpt lat="46.500000" lon="10.559391"><ele>950.8</ele></trkpt>
<trkpt lat="46.500000" lon="10.559430"><ele>950.5</ele></trkpt>
<trkpt lat="46.500000" lon="10.559469"><ele>950.3</ele></trkpt>
<trkpt lat="46.500000" lon="10.559508"><ele>950.0</ele></trkpt>
<trkpt lat="46.500000" lon="10.559547"><ele>949.8</ele></trkpt>
<trkpt lat="46.500000" lon="10.559586"><ele>949.6</ele></trkpt>
<trkpt lat="46.500000" lon="10.559625"><ele>949.3</ele></trkpt>
<trkpt lat="46.500000" lon="10.559665"><ele>949.1</ele></trkpt>
<trkpt lat="46.500000" lon="10.559704"><ele>948.8</ele></trkpt>
<trkpt lat="46.500000" lon="10.559743"><ele>948.6</ele></trkpt>
<trkpt lat="46.500000" lon="10.559782"><ele>948.4</ele></trkpt>
<trkpt lat="46.500000" lon="10.559821"><ele>948.1</ele></trkpt>
<trkpt lat="46.500000" lon="10.559860"><ele>947.9</ele></trkpt>
<trkpt lat="46.500000" lon="10.559900"><ele>947.6</ele></trkpt>
<trkpt lat="46.500000" lon="10.559939"><ele>947.4</ele></trkpt>
<trkpt lat="46.500000" lon="10.559978"><ele>947.2</ele></trkpt>
<trkpt lat="46.500000" lon="10.560017"><ele>946.9</ele></trkpt>
<trkpt lat="46.500000" lon="10.560056"><ele>946.7</ele></trkpt>
<trkpt lat="46.500000" lon="10.560095"><ele>946.4</ele></trkpt>
<trkpt lat="46.500000" lon="10.560134"><ele>946.2</ele></trkpt>
<trkpt lat="46.500000" lon="10.560174"><ele>946.0</ele></trkpt>
<trkpt lat="46.500000" lon="10.560213"><ele>945.7</ele></trkpt>
<trkpt lat="46.500000" lon="10.560252"><ele>945.5</ele></trkpt>
<trkpt lat="46.500000" lon="10.560291"><ele>945.2</ele></trkpt>
<trkpt lat="46.500000" lon="10.560330"><ele>945.0</ele></trkpt>
<trkpt lat="46.500000" lon="10.560369"><ele>944.8</ele></trkpt>
<trkpt lat="46.500000" lon="10.560408"><ele>944.5</ele></trkpt>
<trkpt lat="46.500000" lon="10.560448"><ele>944.3</ele></trkpt>
<trkpt lat="46.500000" lon="10.560487"><ele>944.0</ele></trkpt>
<trkpt lat="46.500000" lon="10.560526"><ele>943.8</ele></trkpt>
<trkpt lat="46.500000" lon="10.560565"><ele>943.5</ele></trkpt>
<trkpt lat="46.500000" lon="10.560604"><ele>943.3</ele></trkpt>
<trkpt lat="46.500000" lon="10.560643"><ele>943.1</ele></trkpt>
<trkpt lat="46.500000" lon="10.560683"><ele>942.8</ele></trkpt>
<trkpt lat="46.500000" lon="10.560722"><ele>942.6</ele></trkpt>
<trkpt lat="46.500000" lon="10.560761"><ele>942.3</ele></trkpt>
<trkpt lat="46.500000" lon="10.560800"><ele>942.1</ele></trkpt>
<trkpt lat="46.500000" lon="10.560839"><ele>941.9</ele></trkpt>
<trkpt lat="46.500000" lon="10.560878"><ele>941.6</ele></trkpt>
<trkpt lat="46.500000" lon="10.560917"><ele>941.4</ele></trkpt>
<trkpt lat="46.500000" lon="10.560957"><ele>941.1</ele></trkpt>
<trkpt lat="46.500000" lon="10.560996"><ele>940.9</ele></trkpt>
<trkpt lat="46.500000" lon="10.561035"><ele>940.7</ele></trkpt>
<trkpt lat="46.500000" lon="10.561074"><ele>940.4</ele></trkpt>
<trkpt lat="46.500000" lon="10.561113"><ele>940.2</ele></trkpt>
<trkpt lat="46.500000" lon="10.561152"><ele>939.9</ele></trkpt>
<trkpt lat="46.500000" lon="10.561191"><ele>939.7</ele></trkpt>
<trkpt lat="46.500000" lon="10.561231"><ele>939.5</ele></trkpt>
<trkpt lat="46.500000" lon="10.561270"><ele>939.2</ele></trkpt>
<trkpt lat="46.500000" lon="10.561309"><ele>939.0</ele></trkpt>
<trkpt lat="46.500000" lon="10.561348"><ele>938.7</ele></trkpt>
<trkpt lat="46.500000" lon="10.561387"><ele>938.5</ele></trkpt>
<trkpt lat="46.500000" lon="10.561426"><ele>938.3</ele></trkpt>
<trkpt lat="46.500000" lon="10.561466"><ele>938.0</ele></trkpt>
<trkpt lat="46.500000" lon="10.561505"><ele>937.8</ele></trkpt>
<trkpt lat="46.500000" lon="10.561544"><ele>937.5</ele></trkpt>
<trkpt lat="46.500000" lon="10.561583"><ele>937.3</ele></trkpt>
<trkpt lat="46.500000" lon="10.561622"><ele>937.1</ele></trkpt>
<trkpt lat="46.500000" lon="10.561661"><ele>936.8</ele></trkpt>
<trkpt lat="46.500000" lon="10.561700"><ele>936.6</ele></trkpt>
<trkpt lat="46.500000" lon="10.561740"><ele>936.3</ele></trkpt>
<trkpt lat="46.500000" lon="10.561779"><ele>936.1</ele></trkpt>
<trkpt lat="46.500000" lon="10.561818"><ele>935.8</ele></trkpt>
<trkpt lat="46.500000" lon="10.561857"><ele>935.6</ele></trkpt>
<trkpt lat="46.500000" lon="10.561896"><ele>935.4</ele></trkpt>
<trkpt lat="46.500000" lon="10.561935"><ele>935.1</ele></trkpt>
<trkpt lat="46.500000" lon="10.561974"><ele>934.9</ele></trkpt>
<trkpt lat="46.500000" lon="10.562014"><ele>934.6</ele></trkpt>
<trkpt lat="46.500000" lon="10.562053"><ele>934.4</ele></trkpt>
<trkpt lat="46.500000" lon="10.562092"><ele>934.2</ele></trkpt>
<trkpt lat="46.500000" lon="10.562131"><ele>933.9</ele></trkpt>
<trkpt lat="46.500000" lon="10.562170"><ele>933.7</ele></trkpt>
<trkpt lat="46.500000" lon="10.562209"><ele>933.4</ele></trkpt>
<trkpt lat="46.500000" lon="10.562249"><ele>933.2</ele></trkpt>
<trkpt lat="46.500000" lon="10.562288"><ele>933.0</ele></trkpt>
<trkpt lat="46.500000" lon="10.562327"><ele>932.7</ele></trkpt>
<trkpt lat="46.500000" lon="10.562366"><ele>932.5</ele></trkpt>
<trkpt lat="46.500000" lon="10.562405"><ele>932.2</ele></trkpt>
<trkpt lat="46.500000" lon="10.562444"><ele>932.0</ele></trkpt>
<trkpt lat="46.500000" lon="10.562483"><ele>931.8</ele></trkpt>
<trkpt lat="46.500000" lon="10.562523"><ele>931.5</ele></trkpt>
<trkpt lat="46.500000" lon="10.562562"><ele>931.3</ele></trkpt>
<trkpt lat="46.500000" lon="10.562601"><ele>931.0</ele></trkpt>
<trkpt lat="46.500000" lon="10.562640"><ele>930.8</ele></trkpt>
<trkpt lat="46.500000" lon="10.562679"><ele>930.6</ele></trkpt>
<trkpt lat="46.500000" lon="10.562718"><ele>930.3</ele></trkpt>
<trkpt lat="46.500000" lon="10.562757"><ele>930.1</ele></trkpt>
<trkpt lat="46.500000" lon="10.562797"><ele>929.8</ele></trkpt>
<trkpt lat="46.500000" lon="10.562836"><ele>929.6</ele></trkpt>
<trkpt lat="46.500000" lon="10.562875"><ele>929.4</ele></trkpt>
<trkpt lat="46.500000" lon="10.562914"><ele>929.1</ele></trkpt>
<trkpt lat="46.500000" lon="10.562953"><ele>928.9</ele></trkpt>
<trkpt lat="46.500000" lon="10.562992"><ele>928.6</ele></trkpt>
<trkpt lat="46.500000" lon="10.563031"><ele>928.4</ele></trkpt>
<trkpt lat="46.500000" lon="10.563071"><ele>928.2</ele></trkpt>
<trkpt lat="46.500000" lon="10.563110"><ele>927.9</ele></trkpt>
<trkpt lat="46.500000" lon="10.563149"><ele>927.7</ele></trkpt>
<trkpt lat="46.500000" lon="10.563188"><ele>927.4</ele></trkpt>
<trkpt lat="46.500000" lon="10.563227"><ele>927.2</ele></trkpt>
<trkpt lat="46.500000" lon="10.563266"><ele>926.9</ele></trkpt>
<trkpt lat="46.500000" lon="10.563306"><ele>926.7</ele></trkpt>
<trkpt lat="46.500000" lon="10.563345"><ele>926.5</ele></trkpt>
<trkpt lat="46.500000" lon="10.563384"><ele>926.2</ele></trkpt>
<trkpt lat="46.500000" lon="10.563423"><ele>926.0</ele></trkpt>
<trkpt lat="46.500000" lon="10.563462"><ele>925.7</ele></trkpt>
<trkpt lat="46.500000" lon="10.563501"><ele>925.5</ele></trkpt>
<trkpt lat="46.500000" lon="10.563540"><ele>925.3</ele></trkpt>
<trkpt lat="46.500000" lon="10.563580"><ele>925.0</ele></trkpt>
<trkpt lat="46.500000" lon="10.563619"><ele>924.8</ele></trkpt>
<trkpt lat="46.500000" lon="10.563658"><ele>924.5</ele></trkpt>
<trkpt lat="46.500000" lon="10.563697"><ele>924.3</ele></trkpt>
<trkpt lat="46.500000" lon="10.563736"><ele>924.1</ele></trkpt>
<trkpt lat="46.500000" lon="10.563775"><ele>923.8</ele></trkpt>
<trkpt lat="46.500000" lon="10.563814"><ele>923.6</ele></trkpt>
<trkpt lat="46.500000" lon="10.563854"><ele>923.3</ele></trkpt>
<trkpt lat="46.500000" lon="10.563893"><ele>923.1</ele></trkpt>
<trkpt lat="46.500000" lon="10.563932"><ele>922.9</ele></trkpt>
<trkpt lat="46.500000" lon="10.563971"><ele>922.6</ele></trkpt>
<trkpt lat="46.500000" lon="10.564010"><ele>922.4</ele></trkpt>
<trkpt lat="46.500000" lon="10.564049"><ele>922.1</ele></trkpt>
<trkpt lat="46.500000" lon="10.564089"><ele>921.9</ele></trkpt>
<trkpt lat="46.500000" lon="10.564128"><ele>921.7</ele></trkpt>
<trkpt lat="46.500000" lon="10.564167"><ele>921.4</ele></trkpt>
<trkpt lat="46.500000" lon="10.564206"><ele>921.2</ele></trkpt>
<trkpt lat="46.500000" lon="10.564245"><ele>920.9</ele></trkpt>
<trkpt lat="46.500000" lon="10.564284"><ele>920.7</ele></trkpt>
<trkpt lat="46.500000" lon="10.564323"><ele>920.5</ele></trkpt>
<trkpt lat="46.500000" lon="10.564363"><ele>920.2</ele></trkpt>
<trkpt lat="46.500000" lon="10.564402"><ele>920.0</ele></trkpt>
<trkpt lat="46.500000" lon="10.564441"><ele>919.7</ele></trkpt>
<trkpt lat="46.500000" lon="10.564480"><ele>919.5</ele></trkpt>
<trkpt lat="46.500000" lon="10.564519"><ele>919.2</ele></trkpt>
<trkpt lat="46.500000" lon="10.564558"><ele>919.0</ele></trkpt>
<trkpt lat="46.500000" lon="10.564597"><ele>918.8</ele></trkpt>
<trkpt lat="46.500000" lon="10.564637"><ele>918.5</ele></trkpt>
<trkpt lat="46.500000" lon="10.564676"><ele>918.3</ele></trkpt>
<trkpt lat="46.500000" lon="10.564715"><ele>918.0</ele></trkpt>
<trkpt lat="46.500000" lon="10.564754"><ele>917.8</ele></trkpt>
<trkpt lat="46.500000" lon="10.564793"><ele>917.6</ele></trkpt>
<trkpt lat="46.500000" lon="10.564832"><ele>917.3</ele></trkpt>
<trkpt lat="46.500000" lon="10.564872"><ele>917.1</ele></trkpt>
<trkpt lat="46.500000" lon="10.564911"><ele>916.8</ele></trkpt>
<trkpt lat="46.500000" lon="10.564950"><ele>916.6</ele></trkpt>
<trkpt lat="46.500000" lon="10.564989"><ele>916.4</ele></trkpt>
<trkpt lat="46.500000" lon="10.565028"><ele>916.1</ele></trkpt>
<trkpt lat="46.500000" lon="10.565067"><ele>915.9</ele></trkpt>
<trkpt lat="46.500000" lon="10.565106"><ele>915.6</ele></trkpt>
<trkpt lat="46.500000" lon="10.565146"><ele>915.4</ele></trkpt>
<trkpt lat="46.500000" lon="10.565185"><ele>915.2</ele></trkpt>
<trkpt lat="46.500000" lon="10.565224"><ele>914.9</ele></trkpt>
<trkpt lat="46.500000" lon="10.565263"><ele>914.7</ele></trkpt>
<trkpt lat="46.500000" lon="10.565302"><ele>914.4</ele></trkpt>
<trkpt lat="46.500000" lon="10.565341"><ele>914.2</ele></trkpt>
<trkpt lat="46.500000" lon="10.565380"><ele>914.0</ele></trkpt>
<trkpt lat="46.500000" lon="10.565420"><ele>913.7</ele></trkpt>
<trkpt lat="46.500000" lon="10.565459"><ele>913.5</ele></trkpt>
<trkpt lat="46.500000" lon="10.565498"><ele>913.2</ele></trkpt>
<trkpt lat="46.500000" lon="10.565537"><ele>913.0</ele></trkpt>
<trkpt lat="46.500000" lon="10.565576"><ele>912.8</ele></trkpt>
<trkpt lat="46.500000" lon="10.565615"><ele>912.5</ele></trkpt>
<trkpt lat="46.500000" lon="10.565655"><ele>912.3</ele></trkpt>
<trkpt lat="46.500000" lon="10.565694"><ele>912.0</ele></trkpt>
<trkpt lat="46.500000" lon="10.565733"><ele>911.8</ele></trkpt>
<trkpt lat="46.500000" lon="10.565772"><ele>911.5</ele></trkpt>
<trkpt lat="46.500000" lon="10.565811"><ele>911.3</ele></trkpt>
<trkpt lat="46.500000" lon="10.565850"><ele>911.1</ele></trkpt>
<trkpt lat="46.500000" lon="10.565889"><ele>910.8</ele></trkpt>
<trkpt lat="46.500000" lon="10.565929"><ele>910.6</ele></trkpt>
<trkpt lat="46.500000" lon="10.565968"><ele>910.3</ele></trkpt>
<trkpt lat="46.500000" lon="10.566007"><ele>910.1</ele></trkpt>
<trkpt lat="46.500000" lon="10.566046"><ele>909.9</ele></trkpt>
<trkpt lat="46.500000" lon="10.566085"><ele>909.6</ele></trkpt>
<trkpt lat="46.500000" lon="10.566124"><ele>909.4</ele></trkpt>
<trkpt lat="46.500000" lon="10.566164"><ele>909.1</ele></trkpt>
<trkpt lat="46.500000" lon="10.566203"><ele>908.9</ele></trkpt>
<trkpt lat="46.500000" lon="10.566242"><ele>908.7</ele></trkpt>
<trkpt lat="46.500000" lon="10.566281"><ele>908.4</ele></trkpt>
<trkpt lat="46.500000" lon="10.566320"><ele>908.2</ele></trkpt>
<trkpt lat="46.500000" lon="10.566359"><ele>907.9</ele></trkpt>
<trkpt lat="46.500000" lon="10.566398"><ele>907.7</ele></trkpt>
<trkpt lat="46.500000" lon="10.566438"><ele>907.5</ele></trkpt>
<trkpt lat="46.500000" lon="10.566477"><ele>907.2</ele></trkpt>
<trkpt lat="46.500000" lon="10.566516"><ele>907.0</ele></trkpt>
<trkpt lat="46.500000" lon="10.566555"><ele>906.7</ele></trkpt>
<trkpt lat="46.500000" lon="10.566594"><ele>906.5</ele></trkpt>
<trkpt lat="46.500000" lon="10.566633"><ele>906.3</ele></trkpt>
<trkpt lat="46.500000" lon="10.566672"><ele>906.0</ele></trkpt>
<trkpt lat="46.500000" lon="10.566712"><ele>905.8</ele></trkpt>
<trkpt lat="46.500000" lon="10.566751"><ele>905.5</ele></trkpt>
<trkpt lat="46.500000" lon="10.566790"><ele>905.3</ele></trkpt>
<trkpt lat="46.500000" lon="10.566829"><ele>905.1</ele></trkpt>
<trkpt lat="46.500000" lon="10.566868"><ele>904.8</ele></trkpt>
<trkpt lat="46.500000" lon="10.566907"><ele>904.6</ele></trkpt>
<trkpt lat="46.500000" lon="10.566947"><ele>904.3</ele></trkpt>
<trkpt lat="46.500000" lon="10.566986"><ele>904.1</ele></trkpt>
<trkpt lat="46.500000" lon="10.567025"><ele>903.8</ele></trkpt>
<trkpt lat="46.500000" lon="10.567064"><ele>903.6</ele></trkpt>
<trkpt lat="46.500000" lon="10.567103"><ele>903.4</ele></trkpt>
<trkpt lat="46.500000" lon="10.567142"><ele>903.1</ele></trkpt>
<trkpt lat="46.500000" lon="10.567181"><ele>902.9</ele></trkpt>
<trkpt lat="46.500000" lon="10.567221"><ele>902.6</ele></trkpt>
<trkpt lat="46.500000" lon="10.567260"><ele>902.4</ele></trkpt>
<trkpt lat="46.500000" lon="10.567299"><ele>902.2</ele></trkpt>
<trkpt lat="46.500000" lon="10.567338"><ele>901.9</ele></trkpt>
<trkpt lat="46.500000" lon="10.567377"><ele>901.7</ele></trkpt>
<trkpt lat="46.500000" lon="10.567416"><ele>901.4</ele></trkpt>
<trkpt lat="46.500000" lon="10.567455"><ele>901.2</ele></trkpt>
<trkpt lat="46.500000" lon="10.567495"><ele>901.0</ele></trkpt>
<trkpt lat="46.500000" lon="10.567534"><ele>900.7</ele></trkpt>
<trkpt lat="46.500000" lon="10.567573"><ele>900.5</ele></trkpt>
<trkpt lat="46.500000" lon="10.567612"><ele>900.2</ele></trkpt>
<trkpt lat="46.500000" lon="10.567651"><ele>900.0</ele></trkpt>
<trkpt lat="46.500000" lon="10.567690"><ele>900.0</ele></trkpt>
<trkpt lat="46.500000" lon="10.567730"><ele>900.0</ele></trkpt>
<trkpt lat="46.500000" lon="10.567769"><ele>900.0</ele></trkpt>
<trkpt lat="46.500000" lon="10.567808"><ele>900.0</ele></trkpt>
<trkpt lat="46.500000" lon="10.567847"><ele>900.0</ele></trkpt>
<trkpt lat="46.500000" lon="10.567886"><ele>900.0</ele></trkpt>
<trkpt lat="46.500000" lon="10.567925"><ele>900.0</ele></trkpt>
<trkpt lat="46.500000" lon="10.567964"><ele>900.0</ele></trkpt>
<trkpt lat="46.500000" lon="10.568004"><ele>900.0</ele></trkpt>
<trkpt lat="46.500000" lon="10.568043"><ele>900.0</ele></trkpt>
<trkpt lat="46.500000" lon="10.568082"><ele>900.0</ele></trkpt>
<trkpt lat="46.500000" lon="10.568121"><ele>900.0</ele></trkpt>
<trkpt lat="46.500000" lon="10.568160"><ele>900.0</ele></trkpt>
<trkpt lat="46.500000" lon="10.568199"><ele>900.0</ele></trkpt>
<trkpt lat="46.500000" lon="10.568238"><ele>900.0</ele></trkpt>
<trkpt lat="46.500000" lon="10.568278"><ele>900.0</ele></trkpt>
<trkpt lat="46.500000" lon="10.568317"><ele>900.0</ele></trkpt>
<trkpt lat="46.500000" lon="10.568356"><ele>900.0</ele></trkpt>
<trkpt lat="46.500000" lon="10.568395"><ele>900.0</ele></trkpt>
<trkpt lat="46.500000" lon="10.568434"><ele>900.0</ele></trkpt>
<trkpt lat="46.500000" lon="10.568473"><ele>900.0</ele></trkpt>
<trkpt lat="46.500000" lon="10.568513"><ele>900.0</ele></trkpt>
<trkpt lat="46.500000" lon="10.568552"><ele>900.0</ele></trkpt>
<trkpt lat="46.500000" lon="10.568591"><ele>900.0</ele></trkpt>
<trkpt lat="46.500000" lon="10.568630"><ele>900.0</ele></trkpt>
<trkpt lat="46.500000" lon="10.568669"><ele>900.0</ele></trkpt>
<trkpt lat="46.500000" lon="10.568708"><ele>900.0</ele></trkpt>
<trkpt lat="46.500000" lon="10.568747"><ele>900.0</ele></trkpt>
<trkpt lat="46.500000" lon="10.568787"><ele>900.0</ele></trkpt>
<trkpt lat="46.500000" lon="10.568826"><ele>900.0</ele></trkpt>
<trkpt lat="46.500000" lon="10.568865"><ele>900.0</ele></trkpt>
<trkpt lat="46.500000" lon="10.568904"><ele>900.0</ele></trkpt>
<trkpt lat="46.500000" lon="10.568943"><ele>900.0</ele></trkpt>
<trkpt lat="46.500000" lon="10.568982"><ele>900.0</ele></trkpt>
<trkpt lat="46.500000" lon="10.569021"><ele>900.0</ele></trkpt>
<trkpt lat="46.500000" lon="10.569061"><ele>900.0</ele></trkpt>
<trkpt lat="46.500000" lon="10.569100"><ele>900.0</ele></trkpt>
<trkpt lat="46.500000" lon="10.569139"><ele>900.0</ele></trkpt>
<trkpt lat="46.500000" lon="10.569178"><ele>900.0</ele></trkpt>
<trkpt lat="46.500000" lon="10.569217"><ele>900.0</ele></trkpt>
<trkpt lat="46.500000" lon="10.569256"><ele>900.0</ele></trkpt>
<trkpt lat="46.500000" lon="10.569296"><ele>900.0</ele></trkpt>
<trkpt lat="46.500000" lon="10.569335"><ele>900.0</ele></trkpt>
<trkpt lat="46.500000" lon="10.569374"><ele>900.0</ele></trkpt>
<trkpt lat="46.500000" lon="10.569413"><ele>900.0</ele></trkpt>
<trkpt lat="46.500000" lon="10.569452"><ele>900.0</ele></trkpt>
<trkpt lat="46.500000" lon="10.569491"><ele>900.0</ele></trkpt>
<trkpt lat="46.500000" lon="10.569530"><ele>900.0</ele></trkpt>
<trkpt lat="46.500000" lon="10.569570"><ele>900.0</ele></trkpt>
<trkpt lat="46.500000" lon="10.569609"><ele>900.0</ele></trkpt>
<trkpt lat="46.500000" lon="10.569648"><ele>900.0</ele></trkpt>
<trkpt lat="46.500000" lon="10.569687"><ele>900.0</ele></trkpt>
<trkpt lat="46.500000" lon="10.569726"><ele>900.0</ele></trkpt>
<trkpt lat="46.500000" lon="10.569765"><ele>900.0</ele></trkpt>
<trkpt lat="46.500000" lon="10.569804"><ele>900.0</ele></trkpt>
<trkpt lat="46.500000" lon="10.569844"><ele>900.0</ele></trkpt>
<trkpt lat="46.500000" lon="10.569883"><ele>900.0</ele></trkpt>
<trkpt lat="46.500000" lon="10.569922"><ele>900.0</ele></trkpt>
<trkpt lat="46.500000" lon="10.569961"><ele>900.0</ele></trkpt>
<trkpt lat="46.500000" lon="10.570000"><ele>900.0</ele></trkpt>
<trkpt lat="46.500000" lon="10.570039"><ele>900.0</ele></trkpt>
<trkpt lat="46.500000" lon="10.570078"><ele>900.0</ele></trkpt>
<trkpt lat="46.500000" lon="10.570118"><ele>900.0</ele></trkpt>
<trkpt lat="46.500000" lon="10.570157"><ele>900.0</ele></trkpt>
<trkpt lat="46.500000" lon="10.570196"><ele>900.0</ele></trkpt>
<trkpt lat="46.500000" lon="10.570235"><ele>900.0</ele></trkpt>
<trkpt lat="46.500000" lon="10.570274"><ele>900.2</ele></trkpt>
<trkpt lat="46.500000" lon="10.570313"><ele>900.5</ele></trkpt>
<trkpt lat="46.500000" lon="10.570353"><ele>900.7</ele></trkpt>
<trkpt lat="46.500000" lon="10.570392"><ele>901.0</ele></trkpt>
<trkpt lat="46.500000" lon="10.570431"><ele>901.2</ele></trkpt>
<trkpt lat="46.500000" lon="10.570470"><ele>901.4</ele></trkpt>
<trkpt lat="46.500000" lon="10.570509"><ele>901.7</ele></trkpt>
<trkpt lat="46.500000" lon="10.570548"><ele>901.9</ele></trkpt>
<trkpt lat="46.500000" lon="10.570587"><ele>902.2</ele></trkpt>
<trkpt lat="46.500000" lon="10.570627"><ele>902.4</ele></trkpt>
<trkpt lat="46.500000" lon="10.570666"><ele>902.6</ele></trkpt>
<trkpt lat="46.500000" lon="10.570705"><ele>902.9</ele></trkpt>
<trkpt lat="46.500000" lon="10.570744"><ele>903.1</ele></trkpt>
<trkpt lat="46.500000" lon="10.570783"><ele>903.4</ele></trkpt>
<trkpt lat="46.500000" lon="10.570822"><ele>903.6</ele></trkpt>
<trkpt lat="46.500000" lon="10.570861"><ele>903.8</ele></trkpt>
<trkpt lat="46.500000" lon="10.570901"><ele>904.1</ele></trkpt>
<trkpt lat="46.500000" lon="10.570940"><ele>904.3</ele></trkpt>
<trkpt lat="46.500000" lon="10.570979"><ele>904.6</ele></trkpt>
<trkpt lat="46.500000" lon="10.571018"><ele>904.8</ele></trkpt>
<trkpt lat="46.500000" lon="10.571057"><ele>905.1</ele></trkpt>
<trkpt lat="46.500000" lon="10.571096"><ele>905.3</ele></trkpt>
<trkpt lat="46.500000" lon="10.571136"><ele>905.5</ele></trkpt>
<trkpt lat="46.500000" lon="10.571175"><ele>905.8</ele></trkpt>
<trkpt lat="46.500000" lon="10.571214"><ele>906.0</ele></trkpt>
<trkpt lat="46.500000" lon="10.571253"><ele>906.3</ele></trkpt>
<trkpt lat="46.500000" lon="10.571292"><ele>906.5</ele></trkpt>
<trkpt lat="46.500000" lon="10.571331"><ele>906.7</ele></trkpt>
<trkpt lat="46.500000" lon="10.571370"><ele>907.0</ele></trkpt>
<trkpt lat="46.500000" lon="10.571410"><ele>907.2</ele></trkpt>
<trkpt lat="46.500000" lon="10.571449"><ele>907.5</ele></trkpt>
<trkpt lat="46.500000" lon="10.571488"><ele>907.7</ele></trkpt>
<trkpt lat="46.500000" lon="10.571527"><ele>907.9</ele></trkpt>
<trkpt lat="46.500000" lon="10.571566"><ele>908.2</ele></trkpt>
<trkpt lat="46.500000" lon="10.571605"><ele>908.4</ele></trkpt>
<trkpt lat="46.500000" lon="10.571644"><ele>908.7</ele></trkpt>
<trkpt lat="46.500000" lon="10.571684"><ele>908.9</ele></trkpt>
<trkpt lat="46.500000" lon="10.571723"><ele>909.1</ele></trkpt>
<trkpt lat="46.500000" lon="10.571762"><ele>909.4</ele></trkpt>
<trkpt lat="46.500000" lon="10.571801"><ele>909.6</ele></trkpt>
<trkpt lat="46.500000" lon="10.571840"><ele>909.9</ele></trkpt>
<trkpt lat="46.500000" lon="10.571879"><ele>910.1</ele></trkpt>
<trkpt lat="46.500000" lon="10.571919"><ele>910.3</ele></trkpt>
<trkpt lat="46.500000" lon="10.571958"><ele>910.6</ele></trkpt>
<trkpt lat="46.500000" lon="10.571997"><ele>910.8</ele></trkpt>
<trkpt lat="46.500000" lon="10.572036"><ele>911.1</ele></trkpt>
<trkpt lat="46.500000" lon="10.572075"><ele>911.3</ele></trkpt>
<trkpt lat="46.500000" lon="10.572114"><ele>911.5</ele></trkpt>
<trkpt lat="46.500000" lon="10.572153"><ele>911.8</ele></trkpt>
<trkpt lat="46.500000" lon="10.572193"><ele>912.0</ele></trkpt>
<trkpt lat="46.500000" lon="10.572232"><ele>912.3</ele></trkpt>
<trkpt lat="46.500000" lon="10.572271"><ele>912.5</ele></trkpt>
<trkpt lat="46.500000" lon="10.572310"><ele>912.8</ele></trkpt>
<trkpt lat="46.500000" lon="10.572349"><ele>913.0</ele></trkpt>
<trkpt lat="46.500000" lon="10.572388"><ele>913.2</ele></trkpt>
<trkpt lat="46.500000" lon="10.572427"><ele>913.5</ele></trkpt>
<trkpt lat="46.500000" lon="10.572467"><ele>913.7</ele></trkpt>
<trkpt lat="46.500000" lon="10.572506"><ele>914.0</ele></trkpt>
<trkpt lat="46.500000" lon="10.572545"><ele>914.2</ele></trkpt>
<trkpt lat="46.500000" lon="10.572584"><ele>914.4</ele></trkpt>
<trkpt lat="46.500000" lon="10.572623"><ele>914.7</ele></trkpt>
<trkpt lat="46.500000" lon="10.572662"><ele>914.9</ele></trkpt>
<trkpt lat="46.500000" lon="10.572702"><ele>915.2</ele></trkpt>
<trkpt lat="46.500000" lon="10.572741"><ele>915.4</ele></trkpt>
<trkpt lat="46.500000" lon="10.572780"><ele>915.6</ele></trkpt>
<trkpt lat="46.500000" lon="10.572819"><ele>915.9</ele></trkpt>
<trkpt lat="46.500000" lon="10.572858"><ele>916.1</ele></trkpt>
<trkpt lat="46.500000" lon="10.572897"><ele>916.4</ele></trkpt>
<trkpt lat="46.500000" lon="10.572936"><ele>916.6</ele></trkpt>
<trkpt lat="46.500000" lon="10.572976"><ele>916.8</ele></trkpt>
<trkpt lat="46.500000" lon="10.573015"><ele>917.1</ele></trkpt>
<trkpt lat="46.500000" lon="10.573054"><ele>917.3</ele></trkpt>
<trkpt lat="46.500000" lon="10.573093"><ele>917.6</ele></trkpt>
<trkpt lat="46.500000" lon="10.573132"><ele>917.8</ele></trkpt>
<trkpt lat="46.500000" lon="10.573171"><ele>918.0</ele></trkpt>
<trkpt lat="46.500000" lon="10.573211"><ele>918.3</ele></trkpt>
<trkpt lat="46.500000" lon="10.573250"><ele>918.5</ele></trkpt>
<trkpt lat="46.500000" lon="10.573289"><ele>918.8</ele></trkpt>
<trkpt lat="46.500000" lon="10.573328"><ele>919.0</ele></trkpt>
<trkpt lat="46.500000" lon="10.573367"><ele>919.2</ele></trkpt>
<trkpt lat="46.500000" lon="10.573406"><ele>919.5</ele></trkpt>
<trkpt lat="46.500000" lon="10.573445"><ele>919.7</ele></trkpt>
<trkpt lat="46.500000" lon="10.573485"><ele>920.0</ele></trkpt>
<trkpt lat="46.500000" lon="10.573524"><ele>920.2</ele></trkpt>
<trkpt lat="46.500000" lon="10.573563"><ele>920.5</ele></trkpt>
<trkpt lat="46.500000" lon="10.573602"><ele>920.7</ele></trkpt>
<trkpt lat="46.500000" lon="10.573641"><ele>920.9</ele></trkpt>
<trkpt lat="46.500000" lon="10.573680"><ele>921.2</ele></trkpt>
<trkpt lat="46.500000" lon="10.573719"><ele>921.4</ele></trkpt>
<trkpt lat="46.500000" lon="10.573759"><ele>921.7</ele></trkpt>
<trkpt lat="46.500000" lon="10.573798"><ele>921.9</ele></trkpt>
<trkpt lat="46.500000" lon="10.573837"><ele>922.1</ele></trkpt>
<trkpt lat="46.500000" lon="10.573876"><ele>922.4</ele></trkpt>
<trkpt lat="46.500000" lon="10.573915"><ele>922.6</ele></trkpt>
<trkpt lat="46.500000" lon="10.573954"><ele>922.9</ele></trkpt>
<trkpt lat="46.500000" lon="10.573994"><ele>923.1</ele></trkpt>
<trkpt lat="46.500000" lon="10.574033"><ele>923.3</ele></trkpt>
<trkpt lat="46.500000" lon="10.574072"><ele>923.6</ele></trkpt>
<trkpt lat="46.500000" lon="10.574111"><ele>923.8</ele></trkpt>
<trkpt lat="46.500000" lon="10.574150"><ele>924.1</ele></trkpt>
<trkpt lat="46.500000" lon="10.574189"><ele>924.3</ele></trkpt>
<trkpt lat="46.500000" lon="10.574228"><ele>924.5</ele></trkpt>
<trkpt lat="46.500000" lon="10.574268"><ele>924.8</ele></trkpt>
<trkpt lat="46.500000" lon="10.574307"><ele>925.0</ele></trkpt>
<trkpt lat="46.500000" lon="10.574346"><ele>925.3</ele></trkpt>
<trkpt lat="46.500000" lon="10.574385"><ele>925.5</ele></trkpt>
<trkpt lat="46.500000" lon="10.574424"><ele>925.7</ele></trkpt>
<trkpt lat="46.500000" lon="10.574463"><ele>926.0</ele></trkpt>
<trkpt lat="46.500000" lon="10.574502"><ele>926.2</ele></trkpt>
<trkpt lat="46.500000" lon="10.574542"><ele>926.5</ele></trkpt>
<trkpt lat="46.500000" lon="10.574581"><ele>926.7</ele></trkpt>
<trkpt lat="46.500000" lon="10.574620"><ele>926.9</ele></trkpt>
<trkpt lat="46.500000" lon="10.574659"><ele>927.2</ele></trkpt>
<trkpt lat="46.500000" lon="10.574698"><ele>927.4</ele></trkpt>
<trkpt lat="46.500000" lon="10.574737"><ele>927.7</ele></trkpt>
<trkpt lat="46.500000" lon="10.574777"><ele>927.9</ele></trkpt>
<trkpt lat="46.500000" lon="10.574816"><ele>928.2</ele></trkpt>
<trkpt lat="46.500000" lon="10.574855"><ele>928.4</ele></trkpt>
<trkpt lat="46.500000" lon="10.574894"><ele>928.6</ele></trkpt>
<trkpt lat="46.500000" lon="10.574933"><ele>928.9</ele></trkpt>
<trkpt lat="46.500000" lon="10.574972"><ele>929.1</ele></trkpt>
<trkpt lat="46.500000" lon="10.575011"><ele>929.4</ele></trkpt>
<trkpt lat="46.500000" lon="10.575051"><ele>929.6</ele></trkpt>
<trkpt lat="46.500000" lon="10.575090"><ele>929.8</ele></trkpt>
<trkpt lat="46.500000" lon="10.575129"><ele>930.1</ele></trkpt>
<trkpt lat="46.500000" lon="10.575168"><ele>930.3</ele></trkpt>
<trkpt lat="46.500000" lon="10.575207"><ele>930.6</ele></trkpt>
<trkpt lat="46.500000" lon="10.575246"><ele>930.8</ele></trkpt>
<trkpt lat="46.500000" lon="10.575285"><ele>931.0</ele></trkpt>
<trkpt lat="46.500000" lon="10.575325"><ele>931.3</ele></trkpt>
<trkpt lat="46.500000" lon="10.575364"><ele>931.5</ele></trkpt>
<trkpt lat="46.500000" lon="10.575403"><ele>931.8</ele></trkpt>
<trkpt lat="46.500000" lon="10.575442"><ele>932.0</ele></trkpt>
<trkpt lat="46.500000" lon="10.575481"><ele>932.2</ele></trkpt>
<trkpt lat="46.500000" lon="10.575520"><ele>932.5</ele></trkpt>
<trkpt lat="46.500000" lon="10.575560"><ele>932.7</ele></trkpt>
<trkpt lat="46.500000" lon="10.575599"><ele>933.0</ele></trkpt>
<trkpt lat="46.500000" lon="10.575638"><ele>933.2</ele></trkpt>
<trkpt lat="46.500000" lon="10.575677"><ele>933.4</ele></trkpt>
<trkpt lat="46.500000" lon="10.575716"><ele>933.7</ele></trkpt>
<trkpt lat="46.500000" lon="10.575755"><ele>933.9</ele></trkpt>
<trkpt lat="46.500000" lon="10.575794"><ele>934.2</ele></trkpt>
<trkpt lat="46.500000" lon="10.575834"><ele>934.4</ele></trkpt>
<trkpt lat="46.500000" lon="10.575873"><ele>934.6</ele></trkpt>
<trkpt lat="46.500000" lon="10.575912"><ele>934.9</ele></trkpt>
<trkpt lat="46.500000" lon="10.575951"><ele>935.1</ele></trkpt>
<trkpt lat="46.500000" lon="10.575990"><ele>935.4</ele></trkpt>
<trkpt lat="46.500000" lon="10.576029"><ele>935.6</ele></trkpt>
<trkpt lat="46.500000" lon="10.576068"><ele>935.8</ele></trkpt>
<trkpt lat="46.500000" lon="10.576108"><ele>936.1</ele></trkpt>
<trkpt lat="46.500000" lon="10.576147"><ele>936.3</ele></trkpt>
<trkpt lat="46.500000" lon="10.576186"><ele>936.6</ele></trkpt>
<trkpt lat="46.500000" lon="10.576225"><ele>936.8</ele></trkpt>
<trkpt lat="46.500000" lon="10.576264"><ele>937.1</ele></trkpt>
<trkpt lat="46.500000" lon="10.576303"><ele>937.3</ele></trkpt>
<trkpt lat="46.500000" lon="10.576343"><ele>937.5</ele></trkpt>
<trkpt lat="46.500000" lon="10.576382"><ele>937.8</ele></trkpt>
<trkpt lat="46.500000" lon="10.576421"><ele>938.0</ele></trkpt>
<trkpt lat="46.500000" lon="10.576460"><ele>938.3</ele></trkpt>
<trkpt lat="46.500000" lon="10.576499"><ele>938.5</ele></trkpt>
<trkpt lat="46.500000" lon="10.576538"><ele>938.7</ele></trkpt>
<trkpt lat="46.500000" lon="10.576577"><ele>939.0</ele></trkpt>
<trkpt lat="46.500000" lon="10.576617"><ele>939.2</ele></trkpt>
<trkpt lat="46.500000" lon="10.576656"><ele>939.5</ele></trkpt>
<trkpt lat="46.500000" lon="10.576695"><ele>939.7</ele></trkpt>
<trkpt lat="46.500000" lon="10.576734"><ele>939.9</ele></trkpt>
<trkpt lat="46.500000" lon="10.576773"><ele>940.2</ele></trkpt>
<trkpt lat="46.500000" lon="10.576812"><ele>940.4</ele></trkpt>
<trkpt lat="46.500000" lon="10.576851"><ele>940.7</ele></trkpt>
<trkpt lat="46.500000" lon="10.576891"><ele>940.9</ele></trkpt>
<trkpt lat="46.500000" lon="10.576930"><ele>941.1</ele></trkpt>
<trkpt lat="46.500000" lon="10.576969"><ele>941.4</ele></trkpt>
<trkpt lat="46.500000" lon="10.577008"><ele>941.6</ele></trkpt>
<trkpt lat="46.500000" lon="10.577047"><ele>941.9</ele></trkpt>
<trkpt lat="46.500000" lon="10.577086"><ele>942.1</ele></trkpt>
<trkpt lat="46.500000" lon="10.577125"><ele>942.3</ele></trkpt>
<trkpt lat="46.500000" lon="10.577165"><ele>942.6</ele></trkpt>
<trkpt lat="46.500000" lon="10.577204"><ele>942.8</ele></trkpt>
<trkpt lat="46.500000" lon="10.577243"><ele>943.1</ele></trkpt>
<trkpt lat="46.500000" lon="10.577282"><ele>943.3</ele></trkpt>
<trkpt lat="46.500000" lon="10.577321"><ele>943.5</ele></trkpt>
<trkpt lat="46.500000" lon="10.577360"><ele>943.8</ele></trkpt>
<trkpt lat="46.500000" lon="10.577400"><ele>944.0</ele></trkpt>
<trkpt lat="46.500000" lon="10.577439"><ele>944.3</ele></trkpt>
<trkpt lat="46.500000" lon="10.577478"><ele>944.5</ele></trkpt>
<trkpt lat="46.500000" lon="10.577517"><ele>944.8</ele></trkpt>
<trkpt lat="46.500000" lon="10.577556"><ele>945.0</ele></trkpt>
<trkpt lat="46.500000" lon="10.577595"><ele>945.2</ele></trkpt>
<trkpt lat="46.500000" lon="10.577634"><ele>945.5</ele></trkpt>
<trkpt lat="46.500000" lon="10.577674"><ele>945.7</ele></trkpt>
<trkpt lat="46.500000" lon="10.577713"><ele>946.0</ele></trkpt>
<trkpt lat="46.500000" lon="10.577752"><ele>946.2</ele></trkpt>
<trkpt lat="46.500000" lon="10.577791"><ele>946.4</ele></trkpt>
<trkpt lat="46.500000" lon="10.577830"><ele>946.7</ele></trkpt>
<trkpt lat="46.500000" lon="10.577869"><ele>946.9</ele></trkpt>
<trkpt lat="46.500000" lon="10.577908"><ele>947.2</ele></trkpt>
<trkpt lat="46.500000" lon="10.577948"><ele>947.4</ele></trkpt>
<trkpt lat="46.500000" lon="10.577987"><ele>947.6</ele></trkpt>
<trkpt lat="46.500000" lon="10.578026"><ele>947.9</ele></trkpt>
<trkpt lat="46.500000" lon="10.578065"><ele>948.1</ele></trkpt>
<trkpt lat="46.500000" lon="10.578104"><ele>948.4</ele></trkpt>
<trkpt lat="46.500000" lon="10.578143"><ele>948.6</ele></trkpt>
<trkpt lat="46.500000" lon="10.578183"><ele>948.8</ele></trkpt>
<trkpt lat="46.500000" lon="10.578222"><ele>949.1</ele></trkpt>
<trkpt lat="46.500000" lon="10.578261"><ele>949.3</ele></trkpt>
<trkpt lat="46.500000" lon="10.578300"><ele>949.6</ele></trkpt>
<trkpt lat="46.500000" lon="10.578339"><ele>949.8</ele></trkpt>
<trkpt lat="46.500000" lon="10.578378"><ele>950.0</ele></trkpt>
<trkpt lat="46.500000" lon="10.578417"><ele>950.3</ele></trkpt>
<trkpt lat="46.500000" lon="10.578457"><ele>950.5</ele></trkpt>
<trkpt lat="46.500000" lon="10.578496"><ele>950.8</ele></trkpt>
<trkpt lat="46.500000" lon="10.578535"><ele>951.0</ele></trkpt>
<trkpt lat="46.500000" lon="10.578574"><ele>951.2</ele></trkpt>
<trkpt lat="46.500000" lon="10.578613"><ele>951.5</ele></trkpt>
<trkpt lat="46.500000" lon="10.578652"><ele>951.7</ele></trkpt>
<trkpt lat="46.500000" lon="10.578691"><ele>952.0</ele></trkpt>
<trkpt lat="46.500000" lon="10.578731"><ele>952.2</ele></trkpt>
<trkpt lat="46.500000" lon="10.578770"><ele>952.5</ele></trkpt>
<trkpt lat="46.500000" lon="10.578809"><ele>952.7</ele></trkpt>
<trkpt lat="46.500000" lon="10.578848"><ele>952.9</ele></trkpt>
<trkpt lat="46.500000" lon="10.578887"><ele>953.2</ele></trkpt>
<trkpt lat="46.500000" lon="10.578926"><ele>953.4</ele></trkpt>
<trkpt lat="46.500000" lon="10.578966"><ele>953.7</ele></trkpt>
<trkpt lat="46.500000" lon="10.579005"><ele>953.9</ele></trkpt>
<trkpt lat="46.500000" lon="10.579044"><ele>954.1</ele></trkpt>
<trkpt lat="46.500000" lon="10.579083"><ele>954.4</ele></trkpt>
<trkpt lat="46.500000" lon="10.579122"><ele>954.6</ele></trkpt>
<trkpt lat="46.500000" lon="10.579161"><ele>954.9</ele></trkpt>
<trkpt lat="46.500000" lon="10.579200"><ele>955.1</ele></trkpt>
<trkpt lat="46.500000" lon="10.579240"><ele>955.3</ele></trkpt>
<trkpt lat="46.500000" lon="10.579279"><ele>955.6</ele></trkpt>
<trkpt lat="46.500000" lon="10.579318"><ele>955.8</ele></trkpt>
<trkpt lat="46.500000" lon="10.579357"><ele>956.1</ele></trkpt>
<trkpt lat="46.500000" lon="10.579396"><ele>956.3</ele></trkpt>
<trkpt lat="46.500000" lon="10.579435"><ele>956.5</ele></trkpt>
<trkpt lat="46.500000" lon="10.579474"><ele>956.8</ele></trkpt>
<trkpt lat="46.500000" lon="10.579514"><ele>957.0</ele></trkpt>
<trkpt lat="46.500000" lon="10.579553"><ele>957.3</ele></trkpt>
<trkpt lat="46.500000" lon="10.579592"><ele>957.5</ele></trkpt>
<trkpt lat="46.500000" lon="10.579631"><ele>957.7</ele></trkpt>
<trkpt lat="46.500000" lon="10.579670"><ele>958.0</ele></trkpt>
<trkpt lat="46.500000" lon="10.579709"><ele>958.2</ele></trkpt>
<trkpt lat="46.500000" lon="10.579749"><ele>958.5</ele></trkpt>
<trkpt lat="46.500000" lon="10.579788"><ele>958.7</ele></trkpt>
<trkpt lat="46.500000" lon="10.579827"><ele>958.9</ele></trkpt>
<trkpt lat="46.500000" lon="10.579866"><ele>959.2</ele></trkpt>
<trkpt lat="46.500000" lon="10.579905"><ele>959.4</ele></trkpt>
<trkpt lat="46.500000" lon="10.579944"><ele>959.7</ele></trkpt>
<trkpt lat="46.500000" lon="10.579983"><ele>959.9</ele></trkpt>
<trkpt lat="46.500000" lon="10.580023"><ele>960.2</ele></trkpt>
<trkpt lat="46.500000" lon="10.580062"><ele>960.4</ele></trkpt>
<trkpt lat="46.500000" lon="10.580101"><ele>960.6</ele></trkpt>
<trkpt lat="46.500000" lon="10.580140"><ele>960.9</ele></trkpt>
<trkpt lat="46.500000" lon="10.580179"><ele>961.1</ele></trkpt>
<trkpt lat="46.500000" lon="10.580218"><ele>961.4</ele></trkpt>
<trkpt lat="46.500000" lon="10.580258"><ele>961.6</ele></trkpt>
<trkpt lat="46.500000" lon="10.580297"><ele>961.8</ele></trkpt>
<trkpt lat="46.500000" lon="10.580336"><ele>962.1</ele></trkpt>
<trkpt lat="46.500000" lon="10.580375"><ele>962.3</ele></trkpt>
<trkpt lat="46.500000" lon="10.580414"><ele>962.6</ele></trkpt>
<trkpt lat="46.500000" lon="10.580453"><ele>962.8</ele></trkpt>
<trkpt lat="46.500000" lon="10.580492"><ele>963.0</ele></trkpt>
<trkpt lat="46.500000" lon="10.580532"><ele>963.3</ele></trkpt>
<trkpt lat="46.500000" lon="10.580571"><ele>963.5</ele></trkpt>
<trkpt lat="46.500000" lon="10.580610"><ele>963.8</ele></trkpt>
<trkpt lat="46.500000" lon="10.580649"><ele>964.0</ele></trkpt>
<trkpt lat="46.500000" lon="10.580688"><ele>963.8</ele></trkpt>
<trkpt lat="46.500000" lon="10.580727"><ele>963.5</ele></trkpt>
<trkpt lat="46.500000" lon="10.580766"><ele>963.3</ele></trkpt>
<trkpt lat="46.500000" lon="10.580806"><ele>963.0</ele></trkpt>
<trkpt lat="46.500000" lon="10.580845"><ele>962.8</ele></trkpt>
<trkpt lat="46.500000" lon="10.580884"><ele>962.6</ele></trkpt>
<trkpt lat="46.500000" lon="10.580923"><ele>962.3</ele></trkpt>
<trkpt lat="46.500000" lon="10.580962"><ele>962.1</ele></trkpt>
<trkpt lat="46.500000" lon="10.581001"><ele>961.8</ele></trkpt>
<trkpt lat="46.500000" lon="10.581041"><ele>961.6</ele></trkpt>
<trkpt lat="46.500000" lon="10.581080"><ele>961.4</ele></trkpt>
<trkpt lat="46.500000" lon="10.581119"><ele>961.1</ele></trkpt>
<trkpt lat="46.500000" lon="10.581158"><ele>960.9</ele></trkpt>
<trkpt lat="46.500000" lon="10.581197"><ele>960.6</ele></trkpt>
<trkpt lat="46.500000" lon="10.581236"><ele>960.4</ele></trkpt>
<trkpt lat="46.500000" lon="10.581275"><ele>960.2</ele></trkpt>
<trkpt lat="46.500000" lon="10.581315"><ele>959.9</ele></trkpt>
<trkpt lat="46.500000" lon="10.581354"><ele>959.7</ele></trkpt>
<trkpt lat="46.500000" lon="10.581393"><ele>959.4</ele></trkpt>
<trkpt lat="46.500000" lon="10.581432"><ele>959.2</ele></trkpt>
<trkpt lat="46.500000" lon="10.581471"><ele>958.9</ele></trkpt>
<trkpt lat="46.500000" lon="10.581510"><ele>958.7</ele></trkpt>
<trkpt lat="46.500000" lon="10.581549"><ele>958.5</ele></trkpt>
<trkpt lat="46.500000" lon="10.581589"><ele>958.2</ele></trkpt>
<trkpt lat="46.500000" lon="10.581628"><ele>958.0</ele></trkpt>
<trkpt lat="46.500000" lon="10.581667"><ele>957.7</ele></trkpt>
<trkpt lat="46.500000" lon="10.581706"><ele>957.5</ele></trkpt>
<trkpt lat="46.500000" lon="10.581745"><ele>957.3</ele></trkpt>
<trkpt lat="46.500000" lon="10.581784"><ele>957.0</ele></trkpt>
<trkpt lat="46.500000" lon="10.581824"><ele>956.8</ele></trkpt>
<trkpt lat="46.500000" lon="10.581863"><ele>956.5</ele></trkpt>
<trkpt lat="46.500000" lon="10.581902"><ele>956.3</ele></trkpt>
<trkpt lat="46.500000" lon="10.581941"><ele>956.1</ele></trkpt>
<trkpt lat="46.500000" lon="10.581980"><ele>955.8</ele></trkpt>
<trkpt lat="46.500000" lon="10.582019"><ele>955.6</ele></trkpt>
<trkpt lat="46.500000" lon="10.582058"><ele>955.3</ele></trkpt>
<trkpt lat="46.500000" lon="10.582098"><ele>955.1</ele></trkpt>
<trkpt lat="46.500000" lon="10.582137"><ele>954.9</ele></trkpt>
<trkpt lat="46.500000" lon="10.582176"><ele>954.6</ele></trkpt>
<trkpt lat="46.500000" lon="10.582215"><ele>954.4</ele></trkpt>
<trkpt lat="46.500000" lon="10.582254"><ele>954.1</ele></trkpt>
<trkpt lat="46.500000" lon="10.582293"><ele>953.9</ele></trkpt>
<trkpt lat="46.500000" lon="10.582332"><ele>953.7</ele></trkpt>
<trkpt lat="46.500000" lon="10.582372"><ele>953.4</ele></trkpt>
<trkpt lat="46.500000" lon="10.582411"><ele>953.2</ele></trkpt>
<trkpt lat="46.500000" lon="10.582450"><ele>952.9</ele></trkpt>
<trkpt lat="46.500000" lon="10.582489"><ele>952.7</ele></trkpt>
<trkpt lat="46.500000" lon="10.582528"><ele>952.5</ele></trkpt>
<trkpt lat="46.500000" lon="10.582567"><ele>952.2</ele></trkpt>
<trkpt lat="46.500000" lon="10.582607"><ele>952.0</ele></trkpt>
<trkpt lat="46.500000" lon="10.582646"><ele>951.7</ele></trkpt>
<trkpt lat="46.500000" lon="10.582685"><ele>951.5</ele></trkpt>
<trkpt lat="46.500000" lon="10.582724"><ele>951.2</ele></trkpt>
<trkpt lat="46.500000" lon="10.582763"><ele>951.0</ele></trkpt>
<trkpt lat="46.500000" lon="10.582802"><ele>950.8</ele></trkpt>
<trkpt lat="46.500000" lon="10.582841"><ele>950.5</ele></trkpt>
<trkpt lat="46.500000" lon="10.582881"><ele>950.3</ele></trkpt>
<trkpt lat="46.500000" lon="10.582920"><ele>950.0</ele></trkpt>
<trkpt lat="46.500000" lon="10.582959"><ele>949.8</ele></trkpt>
<trkpt lat="46.500000" lon="10.582998"><ele>949.6</ele></trkpt>
<trkpt lat="46.500000" lon="10.583037"><ele>949.3</ele></trkpt>
<trkpt lat="46.500000" lon="10.583076"><ele>949.1</ele></trkpt>
<trkpt lat="46.500000" lon="10.583115"><ele>948.8</ele></trkpt>
<trkpt lat="46.500000" lon="10.583155"><ele>948.6</ele></trkpt>
<trkpt lat="46.500000" lon="10.583194"><ele>948.4</ele></trkpt>
<trkpt lat="46.500000" lon="10.583233"><ele>948.1</ele></trkpt>
<trkpt lat="46.500000" lon="10.583272"><ele>947.9</ele></trkpt>
<trkpt lat="46.500000" lon="10.583311"><ele>947.6</ele></trkpt>
<trkpt lat="46.500000" lon="10.583350"><ele>947.4</ele></trkpt>
<trkpt lat="46.500000" lon="10.583389"><ele>947.2</ele></trkpt>
<trkpt lat="46.500000" lon="10.583429"><ele>946.9</ele></trkpt>
<trkpt lat="46.500000" lon="10.583468"><ele>946.7</ele></trkpt>
<trkpt lat="46.500000" lon="10.583507"><ele>946.4</ele></trkpt>
<trkpt lat="46.500000" lon="10.583546"><ele>946.2</ele></trkpt>
<trkpt lat="46.500000" lon="10.583585"><ele>946.0</ele></trkpt>
<trkpt lat="46.500000" lon="10.583624"><ele>945.7</ele></trkpt>
<trkpt lat="46.500000" lon="10.583664"><ele>945.5</ele></trkpt>
<trkpt lat="46.500000" lon="10.583703"><ele>945.2</ele></trkpt>
<trkpt lat="46.500000" lon="10.583742"><ele>945.0</ele></trkpt>
<trkpt lat="46.500000" lon="10.583781"><ele>944.8</ele></trkpt>
<trkpt lat="46.500000" lon="10.583820"><ele>944.5</ele></trkpt>
<trkpt lat="46.500000" lon="10.583859"><ele>944.3</ele></trkpt>
<trkpt lat="46.500000" lon="10.583898"><ele>944.0</ele></trkpt>
<trkpt lat="46.500000" lon="10.583938"><ele>943.8</ele></trkpt>
<trkpt lat="46.500000" lon="10.583977"><ele>943.5</ele></trkpt>
<trkpt lat="46.500000" lon="10.584016"><ele>943.3</ele></trkpt>
<trkpt lat="46.500000" lon="10.584055"><ele>943.1</ele></trkpt>
<trkpt lat="46.500000" lon="10.584094"><ele>942.8</ele></trkpt>
<trkpt lat="46.500000" lon="10.584133"><ele>942.6</ele></trkpt>
<trkpt lat="46.500000" lon="10.584172"><ele>942.3</ele></trkpt>
<trkpt lat="46.500000" lon="10.584212"><ele>942.1</ele></trkpt>
<trkpt lat="46.500000" lon="10.584251"><ele>941.9</ele></trkpt>
<trkpt lat="46.500000" lon="10.584290"><ele>941.6</ele></trkpt>
<trkpt lat="46.500000" lon="10.584329"><ele>941.4</ele></trkpt>
<trkpt lat="46.500000" lon="10.584368"><ele>941.1</ele></trkpt>
<trkpt lat="46.500000" lon="10.584407"><ele>940.9</ele></trkpt>
<trkpt lat="46.500000" lon="10.584447"><ele>940.7</ele></trkpt>
<trkpt lat="46.500000" lon="10.584486"><ele>940.4</ele></trkpt>
<trkpt lat="46.500000" lon="10.584525"><ele>940.2</ele></trkpt>
<trkpt lat="46.500000" lon="10.584564"><ele>939.9</ele></trkpt>
<trkpt lat="46.500000" lon="10.584603"><ele>939.7</ele></trkpt>
<trkpt lat="46.500000" lon="10.584642"><ele>939.5</ele></trkpt>
<trkpt lat="46.500000" lon="10.584681"><ele>939.2</ele></trkpt>
<trkpt lat="46.500000" lon="10.584721"><ele>939.0</ele></trkpt>
<trkpt lat="46.500000" lon="10.584760"><ele>938.7</ele></trkpt>
<trkpt lat="46.500000" lon="10.584799"><ele>938.5</ele></trkpt>
<trkpt lat="46.500000" lon="10.584838"><ele>938.3</ele></trkpt>
<trkpt lat="46.500000" lon="10.584877"><ele>938.0</ele></trkpt>
<trkpt lat="46.500000" lon="10.584916"><ele>937.8</ele></trkpt>
<trkpt lat="46.500000" lon="10.584955"><ele>937.5</ele></trkpt>
<trkpt lat="46.500000" lon="10.584995"><ele>937.3</ele></trkpt>
<trkpt lat="46.500000" lon="10.585034"><ele>937.1</ele></trkpt>
<trkpt lat="46.500000" lon="10.585073"><ele>936.8</ele></trkpt>
<trkpt lat="46.500000" lon="10.585112"><ele>936.6</ele></trkpt>
<trkpt lat="46.500000" lon="10.585151"><ele>936.3</ele></trkpt>
<trkpt lat="46.500000" lon="10.585190"><ele>936.1</ele></trkpt>
<trkpt lat="46.500000" lon="10.585230"><ele>935.8</ele></trkpt>
<trkpt lat="46.500000" lon="10.585269"><ele>935.6</ele></trkpt>
<trkpt lat="46.500000" lon="10.585308"><ele>935.4</ele></trkpt>
<trkpt lat="46.500000" lon="10.585347"><ele>935.1</ele></trkpt>
<trkpt lat="46.500000" lon="10.585386"><ele>934.9</ele></trkpt>
<trkpt lat="46.500000" lon="10.585425"><ele>934.6</ele></trkpt>
<trkpt lat="46.500000" lon="10.585464"><ele>934.4</ele></trkpt>
<trkpt lat="46.500000" lon="10.585504"><ele>934.2</ele></trkpt>
<trkpt lat="46.500000" lon="10.585543"><ele>933.9</ele></trkpt>
<trkpt lat="46.500000" lon="10.585582"><ele>933.7</ele></trkpt>
<trkpt lat="46.500000" lon="10.585621"><ele>933.4</ele></trkpt>
<trkpt lat="46.500000" lon="10.585660"><ele>933.2</ele></trkpt>
<trkpt lat="46.500000" lon="10.585699"><ele>933.0</ele></trkpt>
<trkpt lat="46.500000" lon="10.585738"><ele>932.7</ele></trkpt>
<trkpt lat="46.500000" lon="10.585778"><ele>932.5</ele></trkpt>
<trkpt lat="46.500000" lon="10.585817"><ele>932.2</ele></trkpt>
<trkpt lat="46.500000" lon="10.585856"><ele>932.0</ele></trkpt>
<trkpt lat="46.500000" lon="10.585895"><ele>931.8</ele></trkpt>
<trkpt lat="46.500000" lon="10.585934"><ele>931.5</ele></trkpt>
<trkpt lat="46.500000" lon="10.585973"><ele>931.3</ele></trkpt>
<trkpt lat="46.500000" lon="10.586013"><ele>931.0</ele></trkpt>
<trkpt lat="46.500000" lon="10.586052"><ele>930.8</ele></trkpt>
<trkpt lat="46.500000" lon="10.586091"><ele>930.6</ele></trkpt>
<trkpt lat="46.500000" lon="10.586130"><ele>930.3</ele></trkpt>
<trkpt lat="46.500000" lon="10.586169"><ele>930.1</ele></trkpt>
<trkpt lat="46.500000" lon="10.586208"><ele>929.8</ele></trkpt>
<trkpt lat="46.500000" lon="10.586247"><ele>929.6</ele></trkpt>
<trkpt lat="46.500000" lon="10.586287"><ele>929.4</ele></trkpt>
<trkpt lat="46.500000" lon="10.586326"><ele>929.1</ele></trkpt>
<trkpt lat="46.500000" lon="10.586365"><ele>928.9</ele></trkpt>
<trkpt lat="46.500000" lon="10.586404"><ele>928.6</ele></trkpt>
<trkpt lat="46.500000" lon="10.586443"><ele>928.4</ele></trkpt>
<trkpt lat="46.500000" lon="10.586482"><ele>928.2</ele></trkpt>
<trkpt lat="46.500000" lon="10.586521"><ele>927.9</ele></trkpt>
<trkpt lat="46.500000" lon="10.586561"><ele>927.7</ele></trkpt>
<trkpt lat="46.500000" lon="10.586600"><ele>927.4</ele></trkpt>
<trkpt lat="46.500000" lon="10.586639"><ele>927.2</ele></trkpt>
<trkpt lat="46.500000" lon="10.586678"><ele>926.9</ele></trkpt>
<trkpt lat="46.500000" lon="10.586717"><ele>926.7</ele></trkpt>
<trkpt lat="46.500000" lon="10.586756"><ele>926.5</ele></trkpt>
<trkpt lat="46.500000" lon="10.586796"><ele>926.2</ele></trkpt>
<trkpt lat="46.500000" lon="10.586835"><ele>926.0</ele></trkpt>
<trkpt lat="46.500000" lon="10.586874"><ele>925.7</ele></trkpt>
<trkpt lat="46.500000" lon="10.586913"><ele>925.5</ele></trkpt>
<trkpt lat="46.500000" lon="10.586952"><ele>925.3</ele></trkpt>
<trkpt lat="46.500000" lon="10.586991"><ele>925.0</ele></trkpt>
<trkpt lat="46.500000" lon="10.587030"><ele>924.8</ele></trkpt>
<trkpt lat="46.500000" lon="10.587070"><ele>924.5</ele></trkpt>
<trkpt lat="46.500000" lon="10.587109"><ele>924.3</ele></trkpt>
<trkpt lat="46.500000" lon="10.587148"><ele>924.1</ele></trkpt>
<trkpt lat="46.500000" lon="10.587187"><ele>923.8</ele></trkpt>
<trkpt lat="46.500000" lon="10.587226"><ele>923.6</ele></trkpt>
<trkpt lat="46.500000" lon="10.587265"><ele>923.3</ele></trkpt>
<trkpt lat="46.500000" lon="10.587305"><ele>923.1</ele></trkpt>
<trkpt lat="46.500000" lon="10.587344"><ele>922.9</ele></trkpt>
<trkpt lat="46.500000" lon="10.587383"><ele>922.6</ele></trkpt>
<trkpt lat="46.500000" lon="10.587422"><ele>922.4</ele></trkpt>
<trkpt lat="46.500000" lon="10.587461"><ele>922.1</ele></trkpt>
<trkpt lat="46.500000" lon="10.587500"><ele>921.9</ele></trkpt>
<trkpt lat="46.500000" lon="10.587539"><ele>921.7</ele></trkpt>
<trkpt lat="46.500000" lon="10.587579"><ele>921.4</ele></trkpt>
<trkpt lat="46.500000" lon="10.587618"><ele>921.2</ele></trkpt>
<trkpt lat="46.500000" lon="10.587657"><ele>920.9</ele></trkpt>
<trkpt lat="46.500000" lon="10.587696"><ele>920.7</ele></trkpt>
<trkpt lat="46.500000" lon="10.587735"><ele>920.5</ele></trkpt>
<trkpt lat="46.500000" lon="10.587774"><ele>920.2</ele></trkpt>
<trkpt lat="46.500000" lon="10.587813"><ele>920.0</ele></trkpt>
<trkpt lat="46.500000" lon="10.587853"><ele>919.7</ele></trkpt>
<trkpt lat="46.500000" lon="10.587892"><ele>919.5</ele></trkpt>
<trkpt lat="46.500000" lon="10.587931"><ele>919.2</ele></trkpt>
<trkpt lat="46.500000" lon="10.587970"><ele>919.0</ele></trkpt>
<trkpt lat="46.500000" lon="10.588009"><ele>918.8</ele></trkpt>
<trkpt lat="46.500000" lon="10.588048"><ele>918.5</ele></trkpt>
<trkpt lat="46.500000" lon="10.588088"><ele>918.3</ele></trkpt>
<trkpt lat="46.500000" lon="10.588127"><ele>918.0</ele></trkpt>
<trkpt lat="46.500000" lon="10.588166"><ele>917.8</ele></trkpt>
<trkpt lat="46.500000" lon="10.588205"><ele>917.6</ele></trkpt>
<trkpt lat="46.500000" lon="10.588244"><ele>917.3</ele></trkpt>
<trkpt lat="46.500000" lon="10.588283"><ele>917.1</ele></trkpt>
<trkpt lat="46.500000" lon="10.588322"><ele>916.8</ele></trkpt>
<trkpt lat="46.500000" lon="10.588362"><ele>916.6</ele></trkpt>
<trkpt lat="46.500000" lon="10.588401"><ele>916.4</ele></trkpt>
<trkpt lat="46.500000" lon="10.588440"><ele>916.1</ele></trkpt>
<trkpt lat="46.500000" lon="10.588479"><ele>915.9</ele></trkpt>
<trkpt lat="46.500000" lon="10.588518"><ele>915.6</ele></trkpt>
<trkpt lat="46.500000" lon="10.588557"><ele>915.4</ele></trkpt>
<trkpt lat="46.500000" lon="10.588596"><ele>915.2</ele></trkpt>
<trkpt lat="46.500000" lon="10.588636"><ele>914.9</ele></trkpt>
<trkpt lat="46.500000" lon="10.588675"><ele>914.7</ele></trkpt>
<trkpt lat="46.500000" lon="10.588714"><ele>914.4</ele></trkpt>
<trkpt lat="46.500000" lon="10.588753"><ele>914.2</ele></trkpt>
<trkpt lat="46.500000" lon="10.588792"><ele>914.0</ele></trkpt>
<trkpt lat="46.500000" lon="10.588831"><ele>913.7</ele></trkpt>
<trkpt lat="46.500000" lon="10.588871"><ele>913.5</ele></trkpt>
<trkpt lat="46.500000" lon="10.588910"><ele>913.2</ele></trkpt>
<trkpt lat="46.500000" lon="10.588949"><ele>913.0</ele></trkpt>
<trkpt lat="46.500000" lon="10.588988"><ele>912.8</ele></trkpt>
<trkpt lat="46.500000" lon="10.589027"><ele>912.5</ele></trkpt>
<trkpt lat="46.500000" lon="10.589066"><ele>912.3</ele></trkpt>
<trkpt lat="46.500000" lon="10.589105"><ele>912.0</ele></trkpt>
<trkpt lat="46.500000" lon="10.589145"><ele>911.8</ele></trkpt>
<trkpt lat="46.500000" lon="10.589184"><ele>911.5</ele></trkpt>
<trkpt lat="46.500000" lon="10.589223"><ele>911.3</ele></trkpt>
<trkpt lat="46.500000" lon="10.589262"><ele>911.1</ele></trkpt>
<trkpt lat="46.500000" lon="10.589301"><ele>910.8</ele></trkpt>
<trkpt lat="46.500000" lon="10.589340"><ele>910.6</ele></trkpt>
<trkpt lat="46.500000" lon="10.589379"><ele>910.3</ele></trkpt>
<trkpt lat="46.500000" lon="10.589419"><ele>910.1</ele></trkpt>
<trkpt lat="46.500000" lon="10.589458"><ele>909.9</ele></trkpt>
<trkpt lat="46.500000" lon="10.589497"><ele>909.6</ele></trkpt>
<trkpt lat="46.500000" lon="10.589536"><ele>909.4</ele></trkpt>
<trkpt lat="46.500000" lon="10.589575"><ele>909.1</ele></trkpt>
<trkpt lat="46.500000" lon="10.589614"><ele>908.9</ele></trkpt>
<trkpt lat="46.500000" lon="10.589654"><ele>908.7</ele></trkpt>
<trkpt lat="46.500000" lon="10.589693"><ele>908.4</ele></trkpt>
<trkpt lat="46.500000" lon="10.589732"><ele>908.2</ele></trkpt>
<trkpt lat="46.500000" lon="10.589771"><ele>907.9</ele></trkpt>
<trkpt lat="46.500000" lon="10.589810"><ele>907.7</ele></trkpt>
<trkpt lat="46.500000" lon="10.589849"><ele>907.5</ele></trkpt>
<trkpt lat="46.500000" lon="10.589888"><ele>907.2</ele></trkpt>
<trkpt lat="46.500000" lon="10.589928"><ele>907.0</ele></trkpt>
<trkpt lat="46.500000" lon="10.589967"><ele>906.7</ele></trkpt>
<trkpt lat="46.500000" lon="10.590006"><ele>906.5</ele></trkpt>
<trkpt lat="46.500000" lon="10.590045"><ele>906.3</ele></trkpt>
<trkpt lat="46.500000" lon="10.590084"><ele>906.0</ele></trkpt>
<trkpt lat="46.500000" lon="10.590123"><ele>905.8</ele></trkpt>
<trkpt lat="46.500000" lon="10.590162"><ele>905.5</ele></trkpt>
<trkpt lat="46.500000" lon="10.590202"><ele>905.3</ele></trkpt>
<trkpt lat="46.500000" lon="10.590241"><ele>905.1</ele></trkpt>
<trkpt lat="46.500000" lon="10.590280"><ele>904.8</ele></trkpt>
<trkpt lat="46.500000" lon="10.590319"><ele>904.6</ele></trkpt>
<trkpt lat="46.500000" lon="10.590358"><ele>904.3</ele></trkpt>
<trkpt lat="46.500000" lon="10.590397"><ele>904.1</ele></trkpt>
<trkpt lat="46.500000" lon="10.590436"><ele>903.8</ele></trkpt>
<trkpt lat="46.500000" lon="10.590476"><ele>903.6</ele></trkpt>
<trkpt lat="46.500000" lon="10.590515"><ele>903.4</ele></trkpt>
<trkpt lat="46.500000" lon="10.590554"><ele>903.1</ele></trkpt>
<trkpt lat="46.500000" lon="10.590593"><ele>902.9</ele></trkpt>
<trkpt lat="46.500000" lon="10.590632"><ele>902.6</ele></trkpt>
<trkpt lat="46.500000" lon="10.590671"><ele>902.4</ele></trkpt>
<trkpt lat="46.500000" lon="10.590711"><ele>902.2</ele></trkpt>
<trkpt lat="46.500000" lon="10.590750"><ele>901.9</ele></trkpt>
<trkpt lat="46.500000" lon="10.590789"><ele>901.7</ele></trkpt>
<trkpt lat="46.500000" lon="10.590828"><ele>901.4</ele></trkpt>
<trkpt lat="46.500000" lon="10.590867"><ele>901.2</ele></trkpt>
<trkpt lat="46.500000" lon="10.590906"><ele>901.0</ele></trkpt>
<trkpt lat="46.500000" lon="10.590945"><ele>900.7</ele></trkpt>
<trkpt lat="46.500000" lon="10.590985"><ele>900.5</ele></trkpt>
<trkpt lat="46.500000" lon="10.591024"><ele>900.2</ele></trkpt>
<trkpt lat="46.500000" lon="10.591063"><ele>900.0</ele></trkpt>
<trkpt lat="46.500000" lon="10.591102"><ele>900.0</ele></trkpt>
<trkpt lat="46.500000" lon="10.591141"><ele>900.0</ele></trkpt>
<trkpt lat="46.500000" lon="10.591180"><ele>900.0</ele></trkpt>
<trkpt lat="46.500000" lon="10.591219"><ele>900.0</ele></trkpt>
<trkpt lat="46.500000" lon="10.591259"><ele>900.0</ele></trkpt>
<trkpt lat="46.500000" lon="10.591298"><ele>900.0</ele></trkpt>
<trkpt lat="46.500000" lon="10.591337"><ele>900.0</ele></trkpt>
<trkpt lat="46.500000" lon="10.591376"><ele>900.0</ele></trkpt>
<trkpt lat="46.500000" lon="10.591415"><ele>900.0</ele></trkpt>
<trkpt lat="46.500000" lon="10.591454"><ele>900.0</ele></trkpt>
<trkpt lat="46.500000" lon="10.591494"><ele>900.0</ele></trkpt>
<trkpt lat="46.500000" lon="10.591533"><ele>900.0</ele></trkpt>
<trkpt lat="46.500000" lon="10.591572"><ele>900.0</ele></trkpt>
<trkpt lat="46.500000" lon="10.591611"><ele>900.0</ele></trkpt>
<trkpt lat="46.500000" lon="10.591650"><ele>900.0</ele></trkpt>
<trkpt lat="46.500000" lon="10.591689"><ele>900.0</ele></trkpt>
<trkpt lat="46.500000" lon="10.591728"><ele>900.0</ele></trkpt>
<trkpt lat="46.500000" lon="10.591768"><ele>900.0</ele></trkpt>
<trkpt lat="46.500000" lon="10.591807"><ele>900.0</ele></trkpt>
<trkpt lat="46.500000" lon="10.591846"><ele>900.0</ele></trkpt>
<trkpt lat="46.500000" lon="10.591885"><ele>900.0</ele></trkpt>
<trkpt lat="46.500000" lon="10.591924"><ele>900.0</ele></trkpt>
<trkpt lat="46.500000" lon="10.591963"><ele>900.0</ele></trkpt>
<trkpt lat="46.500000" lon="10.592002"><ele>900.0</ele></trkpt>
<trkpt lat="46.500000" lon="10.592042"><ele>900.0</ele></trkpt>
<trkpt lat="46.500000" lon="10.592081"><ele>900.0</ele></trkpt>
<trkpt lat="46.500000" lon="10.592120"><ele>900.0</ele></trkpt>
<trkpt lat="46.500000" lon="10.592159"><ele>900.0</ele></trkpt>
<trkpt lat="46.500000" lon="10.592198"><ele>900.0</ele></trkpt>
<trkpt lat="46.500000" lon="10.592237"><ele>900.0</ele></trkpt>
<trkpt lat="46.500000" lon="10.592277"><ele>900.0</ele></trkpt>
<trkpt lat="46.500000" lon="10.592316"><ele>900.0</ele></trkpt>
<trkpt lat="46.500000" lon="10.592355"><ele>900.0</ele></trkpt>
<trkpt lat="46.500000" lon="10.592394"><ele>900.0</ele></trkpt>
<trkpt lat="46.500000" lon="10.592433"><ele>900.0</ele></trkpt>
<trkpt lat="46.500000" lon="10.592472"><ele>900.0</ele></trkpt>
<trkpt lat="46.500000" lon="10.592511"><ele>900.0</ele></trkpt>
<trkpt lat="46.500000" lon="10.592551"><ele>900.0</ele></trkpt>
<trkpt lat="46.500000" lon="10.592590"><ele>900.0</ele></trkpt>
<trkpt lat="46.500000" lon="10.592629"><ele>900.0</ele></trkpt>
<trkpt lat="46.500000" lon="10.592668"><ele>900.0</ele></trkpt>
<trkpt lat="46.500000" lon="10.592707"><ele>900.0</ele></trkpt>
<trkpt lat="46.500000" lon="10.592746"><ele>900.0</ele></trkpt>
<trkpt lat="46.500000" lon="10.592785"><ele>900.0</ele></trkpt>
<trkpt lat="46.500000" lon="10.592825"><ele>900.0</ele></trkpt>
<trkpt lat="46.500000" lon="10.592864"><ele>900.0</ele></trkpt>
<trkpt lat="46.500000" lon="10.592903"><ele>900.0</ele></trkpt>
<trkpt lat="46.500000" lon="10.592942"><ele>900.0</ele></trkpt>
<trkpt lat="46.500000" lon="10.592981"><ele>900.0</ele></trkpt>
<trkpt lat="46.500000" lon="10.593020"><ele>900.0</ele></trkpt>
<trkpt lat="46.500000" lon="10.593060"><ele>900.0</ele></trkpt>
<trkpt lat="46.500000" lon="10.593099"><ele>900.0</ele></trkpt>
<trkpt lat="46.500000" lon="10.593138"><ele>900.0</ele></trkpt>
<trkpt lat="46.500000" lon="10.593177"><ele>900.0</ele></trkpt>
<trkpt lat="46.500000" lon="10.593216"><ele>900.0</ele></trkpt>
<trkpt lat="46.500000" lon="10.593255"><ele>900.0</ele></trkpt>
<trkpt lat="46.500000" lon="10.593294"><ele>900.0</ele></trkpt>
<trkpt lat="46.500000" lon="10.593334"><ele>900.0</ele></trkpt>
<trkpt lat="46.500000" lon="10.593373"><ele>900.0</ele></trkpt>
<trkpt lat="46.500000" lon="10.593412"><ele>900.0</ele></trkpt>
<trkpt lat="46.500000" lon="10.593451"><ele>900.0</ele></trkpt>
<trkpt lat="46.500000" lon="10.593490"><ele>900.0</ele></trkpt>
<trkpt lat="46.500000" lon="10.593529"><ele>900.0</ele></trkpt>
<trkpt lat="46.500000" lon="10.593568"><ele>900.0</ele></trkpt>
<trkpt lat="46.500000" lon="10.593608"><ele>900.0</ele></trkpt>
<trkpt lat="46.500000" lon="10.593647"><ele>900.0</ele></trkpt>
<trkpt lat="46.500000" lon="10.593686"><ele>900.5</ele></trkpt>
<trkpt lat="46.500000" lon="10.593725"><ele>900.9</ele></trkpt>
<trkpt lat="46.500000" lon="10.593764"><ele>901.4</ele></trkpt>
<trkpt lat="46.500000" lon="10.593803"><ele>901.8</ele></trkpt>
<trkpt lat="46.500000" lon="10.593843"><ele>902.3</ele></trkpt>
<trkpt lat="46.500000" lon="10.593882"><ele>902.7</ele></trkpt>
<trkpt lat="46.500000" lon="10.593921"><ele>903.2</ele></trkpt>
<trkpt lat="46.500000" lon="10.593960"><ele>903.6</ele></trkpt>
<trkpt lat="46.500000" lon="10.593999"><ele>904.1</ele></trkpt>
<trkpt lat="46.500000" lon="10.594038"><ele>904.5</ele></trkpt>
<trkpt lat="46.500000" lon="10.594077"><ele>905.0</ele></trkpt>
<trkpt lat="46.500000" lon="10.594117"><ele>905.4</ele></trkpt>
<trkpt lat="46.500000" lon="10.594156"><ele>905.9</ele></trkpt>
<trkpt lat="46.500000" lon="10.594195"><ele>906.3</ele></trkpt>
<trkpt lat="46.500000" lon="10.594234"><ele>906.8</ele></trkpt>
<trkpt lat="46.500000" lon="10.594273"><ele>907.2</ele></trkpt>
<trkpt lat="46.500000" lon="10.594312"><ele>907.7</ele></trkpt>
<trkpt lat="46.500000" lon="10.594352"><ele>908.1</ele></trkpt>
<trkpt lat="46.500000" lon="10.594391"><ele>908.6</ele></trkpt>
<trkpt lat="46.500000" lon="10.594430"><ele>909.0</ele></trkpt>
<trkpt lat="46.500000" lon="10.594469"><ele>909.5</ele></trkpt>
<trkpt lat="46.500000" lon="10.594508"><ele>909.9</ele></trkpt>
<trkpt lat="46.500000" lon="10.594547"><ele>910.4</ele></trkpt>
<trkpt lat="46.500000" lon="10.594586"><ele>910.8</ele></trkpt>
<trkpt lat="46.500000" lon="10.594626"><ele>911.3</ele></trkpt>
<trkpt lat="46.500000" lon="10.594665"><ele>911.7</ele></trkpt>
<trkpt lat="46.500000" lon="10.594704"><ele>912.2</ele></trkpt>
<trkpt lat="46.500000" lon="10.594743"><ele>912.6</ele></trkpt>
<trkpt lat="46.500000" lon="10.594782"><ele>913.1</ele></trkpt>
<trkpt lat="46.500000" lon="10.594821"><ele>913.5</ele></trkpt>
<trkpt lat="46.500000" lon="10.594860"><ele>914.0</ele></trkpt>
<trkpt lat="46.500000" lon="10.594900"><ele>914.4</ele></trkpt>
<trkpt lat="46.500000" lon="10.594939"><ele>914.9</ele></trkpt>
<trkpt lat="46.500000" lon="10.594978"><ele>915.3</ele></trkpt>
<trkpt lat="46.500000" lon="10.595017"><ele>915.8</ele></trkpt>
<trkpt lat="46.500000" lon="10.595056"><ele>916.2</ele></trkpt>
<trkpt lat="46.500000" lon="10.595095"><ele>916.7</ele></trkpt>
<trkpt lat="46.500000" lon="10.595135"><ele>917.1</ele></trkpt>
<trkpt lat="46.500000" lon="10.595174"><ele>917.6</ele></trkpt>
<trkpt lat="46.500000" lon="10.595213"><ele>918.0</ele></trkpt>
<trkpt lat="46.500000" lon="10.595252"><ele>918.5</ele></trkpt>
<trkpt lat="46.500000" lon="10.595291"><ele>918.9</ele></trkpt>
<trkpt lat="46.500000" lon="10.595330"><ele>919.4</ele></trkpt>
<trkpt lat="46.500000" lon="10.595369"><ele>919.8</ele></trkpt>
<trkpt lat="46.500000" lon="10.595409"><ele>920.3</ele></trkpt>
<trkpt lat="46.500000" lon="10.595448"><ele>920.8</ele></trkpt>
<trkpt lat="46.500000" lon="10.595487"><ele>921.2</ele></trkpt>
<trkpt lat="46.500000" lon="10.595526"><ele>921.7</ele></trkpt>
<trkpt lat="46.500000" lon="10.595565"><ele>922.1</ele></trkpt>
<trkpt lat="46.500000" lon="10.595604"><ele>922.6</ele></trkpt>
<trkpt lat="46.500000" lon="10.595643"><ele>923.0</ele></trkpt>
<trkpt lat="46.500000" lon="10.595683"><ele>923.5</ele></trkpt>
<trkpt lat="46.500000" lon="10.595722"><ele>923.9</ele></trkpt>
<trkpt lat="46.500000" lon="10.595761"><ele>924.4</ele></trkpt>
<trkpt lat="46.500000" lon="10.595800"><ele>924.8</ele></trkpt>
<trkpt lat="46.500000" lon="10.595839"><ele>925.3</ele></trkpt>
<trkpt lat="46.500000" lon="10.595878"><ele>925.7</ele></trkpt>
<trkpt lat="46.500000" lon="10.595918"><ele>926.2</ele></trkpt>
<trkpt lat="46.500000" lon="10.595957"><ele>926.6</ele></trkpt>
<trkpt lat="46.500000" lon="10.595996"><ele>927.1</ele></trkpt>
<trkpt lat="46.500000" lon="10.596035"><ele>927.5</ele></trkpt>
<trkpt lat="46.500000" lon="10.596074"><ele>928.0</ele></trkpt>
<trkpt lat="46.500000" lon="10.596113"><ele>928.4</ele></trkpt>
<trkpt lat="46.500000" lon="10.596152"><ele>928.9</ele></trkpt>
<trkpt lat="46.500000" lon="10.596192"><ele>929.3</ele></trkpt>
<trkpt lat="46.500000" lon="10.596231"><ele>929.8</ele></trkpt>
<trkpt lat="46.500000" lon="10.596270"><ele>930.2</ele></trkpt>
<trkpt lat="46.500000" lon="10.596309"><ele>930.7</ele></trkpt>
<trkpt lat="46.500000" lon="10.596348"><ele>931.1</ele></trkpt>
<trkpt lat="46.500000" lon="10.596387"><ele>931.6</ele></trkpt>
<trkpt lat="46.500000" lon="10.596426"><ele>932.0</ele></trkpt>
<trkpt lat="46.500000" lon="10.596466"><ele>932.5</ele></trkpt>
<trkpt lat="46.500000" lon="10.596505"><ele>932.9</ele></trkpt>
<trkpt lat="46.500000" lon="10.596544"><ele>933.4</ele></trkpt>
<trkpt lat="46.500000" lon="10.596583"><ele>933.8</ele></trkpt>
<trkpt lat="46.500000" lon="10.596622"><ele>934.3</ele></trkpt>
<trkpt lat="46.500000" lon="10.596661"><ele>934.7</ele></trkpt>
<trkpt lat="46.500000" lon="10.596701"><ele>935.2</ele></trkpt>
<trkpt lat="46.500000" lon="10.596740"><ele>935.6</ele></trkpt>
<trkpt lat="46.500000" lon="10.596779"><ele>936.1</ele></trkpt>
<trkpt lat="46.500000" lon="10.596818"><ele>936.5</ele></trkpt>
<trkpt lat="46.500000" lon="10.596857"><ele>937.0</ele></trkpt>
<trkpt lat="46.500000" lon="10.596896"><ele>937.4</ele></trkpt>
<trkpt lat="46.500000" lon="10.596935"><ele>937.9</ele></trkpt>
<trkpt lat="46.500000" lon="10.596975"><ele>938.3</ele></trkpt>
<trkpt lat="46.500000" lon="10.597014"><ele>938.8</ele></trkpt>
<trkpt lat="46.500000" lon="10.597053"><ele>939.2</ele></trkpt>
<trkpt lat="46.500000" lon="10.597092"><ele>939.7</ele></trkpt>
<trkpt lat="46.500000" lon="10.597131"><ele>940.2</ele></trkpt>
<trkpt lat="46.500000" lon="10.597170"><ele>940.6</ele></trkpt>
<trkpt lat="46.500000" lon="10.597209"><ele>941.1</ele></trkpt>
<trkpt lat="46.500000" lon="10.597249"><ele>941.5</ele></trkpt>
<trkpt lat="46.500000" lon="10.597288"><ele>942.0</ele></trkpt>
<trkpt lat="46.500000" lon="10.597327"><ele>942.4</ele></trkpt>
<trkpt lat="46.500000" lon="10.597366"><ele>942.9</ele></trkpt>
<trkpt lat="46.500000" lon="10.597405"><ele>943.3</ele></trkpt>
<trkpt lat="46.500000" lon="10.597444"><ele>943.8</ele></trkpt>
<trkpt lat="46.500000" lon="10.597483"><ele>944.2</ele></trkpt>
<trkpt lat="46.500000" lon="10.597523"><ele>944.7</ele></trkpt>
<trkpt lat="46.500000" lon="10.597562"><ele>945.1</ele></trkpt>
<trkpt lat="46.500000" lon="10.597601"><ele>945.6</ele></trkpt>
<trkpt lat="46.500000" lon="10.597640"><ele>946.0</ele></trkpt>
<trkpt lat="46.500000" lon="10.597679"><ele>946.5</ele></trkpt>
<trkpt lat="46.500000" lon="10.597718"><ele>946.9</ele></trkpt>
<trkpt lat="46.500000" lon="10.597758"><ele>947.4</ele></trkpt>
<trkpt lat="46.500000" lon="10.597797"><ele>947.8</ele></trkpt>
<trkpt lat="46.500000" lon="10.597836"><ele>948.3</ele></trkpt>
<trkpt lat="46.500000" lon="10.597875"><ele>948.7</ele></trkpt>
<trkpt lat="46.500000" lon="10.597914"><ele>949.2</ele></trkpt>
<trkpt lat="46.500000" lon="10.597953"><ele>949.6</ele></trkpt>
<trkpt lat="46.500000" lon="10.597992"><ele>950.1</ele></trkpt>
<trkpt lat="46.500000" lon="10.598032"><ele>950.5</ele></trkpt>
<trkpt lat="46.500000" lon="10.598071"><ele>951.0</ele></trkpt>
<trkpt lat="46.500000" lon="10.598110"><ele>951.4</ele></trkpt>
<trkpt lat="46.500000" lon="10.598149"><ele>951.9</ele></trkpt>
<trkpt lat="46.500000" lon="10.598188"><ele>952.3</ele></trkpt>
<trkpt lat="46.500000" lon="10.598227"><ele>952.8</ele></trkpt>
<trkpt lat="46.500000" lon="10.598266"><ele>953.2</ele></trkpt>
<trkpt lat="46.500000" lon="10.598306"><ele>953.7</ele></trkpt>
<trkpt lat="46.500000" lon="10.598345"><ele>954.1</ele></trkpt>
<trkpt lat="46.500000" lon="10.598384"><ele>954.6</ele></trkpt>
<trkpt lat="46.500000" lon="10.598423"><ele>955.0</ele></trkpt>
<trkpt lat="46.500000" lon="10.598462"><ele>955.5</ele></trkpt>
<trkpt lat="46.500000" lon="10.598501"><ele>955.9</ele></trkpt>
<trkpt lat="46.500000" lon="10.598541"><ele>956.4</ele></trkpt>
<trkpt lat="46.500000" lon="10.598580"><ele>956.8</ele></trkpt>
<trkpt lat="46.500000" lon="10.598619"><ele>957.3</ele></trkpt>
<trkpt lat="46.500000" lon="10.598658"><ele>957.7</ele></trkpt>
<trkpt lat="46.500000" lon="10.598697"><ele>958.2</ele></trkpt>
<trkpt lat="46.500000" lon="10.598736"><ele>958.6</ele></trkpt>
<trkpt lat="46.500000" lon="10.598775"><ele>959.1</ele></trkpt>
<trkpt lat="46.500000" lon="10.598815"><ele>959.5</ele></trkpt>
<trkpt lat="46.500000" lon="10.598854"><ele>960.0</ele></trkpt>
<trkpt lat="46.500000" lon="10.598893"><ele>959.5</ele></trkpt>
<trkpt lat="46.500000" lon="10.598932"><ele>959.1</ele></trkpt>
<trkpt lat="46.500000" lon="10.598971"><ele>958.6</ele></trkpt>
<trkpt lat="46.500000" lon="10.599010"><ele>958.2</ele></trkpt>
<trkpt lat="46.500000" lon="10.599049"><ele>957.7</ele></trkpt>
<trkpt lat="46.500000" lon="10.599089"><ele>957.3</ele></trkpt>
<trkpt lat="46.500000" lon="10.599128"><ele>956.8</ele></trkpt>
<trkpt lat="46.500000" lon="10.599167"><ele>956.4</ele></trkpt>
<trkpt lat="46.500000" lon="10.599206"><ele>955.9</ele></trkpt>
<trkpt lat="46.500000" lon="10.599245"><ele>955.5</ele></trkpt>
<trkpt lat="46.500000" lon="10.599284"><ele>955.0</ele></trkpt>
<trkpt lat="46.500000" lon="10.599324"><ele>954.6</ele></trkpt>
<trkpt lat="46.500000" lon="10.599363"><ele>954.1</ele></trkpt>
<trkpt lat="46.500000" lon="10.599402"><ele>953.7</ele></trkpt>
<trkpt lat="46.500000" lon="10.599441"><ele>953.2</ele></trkpt>
<trkpt lat="46.500000" lon="10.599480"><ele>952.8</ele></trkpt>
<trkpt lat="46.500000" lon="10.599519"><ele>952.3</ele></trkpt>
<trkpt lat="46.500000" lon="10.599558"><ele>951.9</ele></trkpt>
<trkpt lat="46.500000" lon="10.599598"><ele>951.4</ele></trkpt>
<trkpt lat="46.500000" lon="10.599637"><ele>951.0</ele></trkpt>
<trkpt lat="46.500000" lon="10.599676"><ele>950.5</ele></trkpt>
<trkpt lat="46.500000" lon="10.599715"><ele>950.1</ele></trkpt>
<trkpt lat="46.500000" lon="10.599754"><ele>949.6</ele></trkpt>
<trkpt lat="46.500000" lon="10.599793"><ele>949.2</ele></trkpt>
<trkpt lat="46.500000" lon="10.599832"><ele>948.7</ele></trkpt>
<trkpt lat="46.500000" lon="10.599872"><ele>948.3</ele></trkpt>
<trkpt lat="46.500000" lon="10.599911"><ele>947.8</ele></trkpt>
<trkpt lat="46.500000" lon="10.599950"><ele>947.4</ele></trkpt>
<trkpt lat="46.500000" lon="10.599989"><ele>946.9</ele></trkpt>
<trkpt lat="46.500000" lon="10.600028"><ele>946.5</ele></trkpt>
<trkpt lat="46.500000" lon="10.600067"><ele>946.0</ele></trkpt>
<trkpt lat="46.500000" lon="10.600107"><ele>945.6</ele></trkpt>
<trkpt lat="46.500000" lon="10.600146"><ele>945.1</ele></trkpt>
<trkpt lat="46.500000" lon="10.600185"><ele>944.7</ele></trkpt>
<trkpt lat="46.500000" lon="10.600224"><ele>944.2</ele></trkpt>
<trkpt lat="46.500000" lon="10.600263"><ele>943.8</ele></trkpt>
<trkpt lat="46.500000" lon="10.600302"><ele>943.3</ele></trkpt>
<trkpt lat="46.500000" lon="10.600341"><ele>942.9</ele></trkpt>
<trkpt lat="46.500000" lon="10.600381"><ele>942.4</ele></trkpt>
<trkpt lat="46.500000" lon="10.600420"><ele>942.0</ele></trkpt>
<trkpt lat="46.500000" lon="10.600459"><ele>941.5</ele></trkpt>
<trkpt lat="46.500000" lon="10.600498"><ele>941.1</ele></trkpt>
<trkpt lat="46.500000" lon="10.600537"><ele>940.6</ele></trkpt>
<trkpt lat="46.500000" lon="10.600576"><ele>940.2</ele></trkpt>
<trkpt lat="46.500000" lon="10.600615"><ele>939.7</ele></trkpt>
<trkpt lat="46.500000" lon="10.600655"><ele>939.2</ele></trkpt>
<trkpt lat="46.500000" lon="10.600694"><ele>938.8</ele></trkpt>
<trkpt lat="46.500000" lon="10.600733"><ele>938.3</ele></trkpt>
<trkpt lat="46.500000" lon="10.600772"><ele>937.9</ele></trkpt>
<trkpt lat="46.500000" lon="10.600811"><ele>937.4</ele></trkpt>
<trkpt lat="46.500000" lon="10.600850"><ele>937.0</ele></trkpt>
<trkpt lat="46.500000" lon="10.600890"><ele>936.5</ele></trkpt>
<trkpt lat="46.500000" lon="10.600929"><ele>936.1</ele></trkpt>
<trkpt lat="46.500000" lon="10.600968"><ele>935.6</ele></trkpt>
<trkpt lat="46.500000" lon="10.601007"><ele>935.2</ele></trkpt>
<trkpt lat="46.500000" lon="10.601046"><ele>934.7</ele></trkpt>
<trkpt lat="46.500000" lon="10.601085"><ele>934.3</ele></trkpt>
<trkpt lat="46.500000" lon="10.601124"><ele>933.8</ele></trkpt>
<trkpt lat="46.500000" lon="10.601164"><ele>933.4</ele></trkpt>
<trkpt lat="46.500000" lon="10.601203"><ele>932.9</ele></trkpt>
<trkpt lat="46.500000" lon="10.601242"><ele>932.5</ele></trkpt>
<trkpt lat="46.500000" lon="10.601281"><ele>932.0</ele></trkpt>
<trkpt lat="46.500000" lon="10.601320"><ele>931.6</ele></trkpt>
<trkpt lat="46.500000" lon="10.601359"><ele>931.1</ele></trkpt>
<trkpt lat="46.500000" lon="10.601399"><ele>930.7</ele></trkpt>
<trkpt lat="46.500000" lon="10.601438"><ele>930.2</ele></trkpt>
<trkpt lat="46.500000" lon="10.601477"><ele>929.8</ele></trkpt>
<trkpt lat="46.500000" lon="10.601516"><ele>929.3</ele></trkpt>
<trkpt lat="46.500000" lon="10.601555"><ele>928.9</ele></trkpt>
<trkpt lat="46.500000" lon="10.601594"><ele>928.4</ele></trkpt>
<trkpt lat="46.500000" lon="10.601633"><ele>928.0</ele></trkpt>
<trkpt lat="46.500000" lon="10.601673"><ele>927.5</ele></trkpt>
<trkpt lat="46.500000" lon="10.601712"><ele>927.1</ele></trkpt>
<trkpt lat="46.500000" lon="10.601751"><ele>926.6</ele></trkpt>
<trkpt lat="46.500000" lon="10.601790"><ele>926.2</ele></trkpt>
<trkpt lat="46.500000" lon="10.601829"><ele>925.7</ele></trkpt>
<trkpt lat="46.500000" lon="10.601868"><ele>925.3</ele></trkpt>
<trkpt lat="46.500000" lon="10.601907"><ele>924.8</ele></trkpt>
<trkpt lat="46.500000" lon="10.601947"><ele>924.4</ele></trkpt>
<trkpt lat="46.500000" lon="10.601986"><ele>923.9</ele></trkpt>
<trkpt lat="46.500000" lon="10.602025"><ele>923.5</ele></trkpt>
<trkpt lat="46.500000" lon="10.602064"><ele>923.0</ele></trkpt>
<trkpt lat="46.500000" lon="10.602103"><ele>922.6</ele></trkpt>
<trkpt lat="46.500000" lon="10.602142"><ele>922.1</ele></trkpt>
<trkpt lat="46.500000" lon="10.602182"><ele>921.7</ele></trkpt>
<trkpt lat="46.500000" lon="10.602221"><ele>921.2</ele></trkpt>
<trkpt lat="46.500000" lon="10.602260"><ele>920.8</ele></trkpt>
<trkpt lat="46.500000" lon="10.602299"><ele>920.3</ele></trkpt>
<trkpt lat="46.500000" lon="10.602338"><ele>919.8</ele></trkpt>
<trkpt lat="46.500000" lon="10.602377"><ele>919.4</ele></trkpt>
<trkpt lat="46.500000" lon="10.602416"><ele>918.9</ele></trkpt>
<trkpt lat="46.500000" lon="10.602456"><ele>918.5</ele></trkpt>
<trkpt lat="46.500000" lon="10.602495"><ele>918.0</ele></trkpt>
<trkpt lat="46.500000" lon="10.602534"><ele>917.6</ele></trkpt>
<trkpt lat="46.500000" lon="10.602573"><ele>917.1</ele></trkpt>
<trkpt lat="46.500000" lon="10.602612"><ele>916.7</ele></trkpt>
<trkpt lat="46.500000" lon="10.602651"><ele>916.2</ele></trkpt>
<trkpt lat="46.500000" lon="10.602690"><ele>915.8</ele></trkpt>
<trkpt lat="46.500000" lon="10.602730"><ele>915.3</ele></trkpt>
<trkpt lat="46.500000" lon="10.602769"><ele>914.9</ele></trkpt>
<trkpt lat="46.500000" lon="10.602808"><ele>914.4</ele></trkpt>
<trkpt lat="46.500000" lon="10.602847"><ele>914.0</ele></trkpt>
<trkpt lat="46.500000" lon="10.602886"><ele>913.5</ele></trkpt>
<trkpt lat="46.500000" lon="10.602925"><ele>913.1</ele></trkpt>
<trkpt lat="46.500000" lon="10.602965"><ele>912.6</ele></trkpt>
<trkpt lat="46.500000" lon="10.603004"><ele>912.2</ele></trkpt>
<trkpt lat="46.500000" lon="10.603043"><ele>911.7</ele></trkpt>
<trkpt lat="46.500000" lon="10.603082"><ele>911.3</ele></trkpt>
<trkpt lat="46.500000" lon="10.603121"><ele>910.8</ele></trkpt>
<trkpt lat="46.500000" lon="10.603160"><ele>910.4</ele></trkpt>
<trkpt lat="46.500000" lon="10.603199"><ele>909.9</ele></trkpt>
<trkpt lat="46.500000" lon="10.603239"><ele>909.5</ele></trkpt>
<trkpt lat="46.500000" lon="10.603278"><ele>909.0</ele></trkpt>
<trkpt lat="46.500000" lon="10.603317"><ele>908.6</ele></trkpt>
<trkpt lat="46.500000" lon="10.603356"><ele>908.1</ele></trkpt>
<trkpt lat="46.500000" lon="10.603395"><ele>907.7</ele></trkpt>
<trkpt lat="46.500000" lon="10.603434"><ele>907.2</ele></trkpt>
<trkpt lat="46.500000" lon="10.603473"><ele>906.8</ele></trkpt>
<trkpt lat="46.500000" lon="10.603513"><ele>906.3</ele></trkpt>
<trkpt lat="46.500000" lon="10.603552"><ele>905.9</ele></trkpt>
<trkpt lat="46.500000" lon="10.603591"><ele>905.4</ele></trkpt>
<trkpt lat="46.500000" lon="10.603630"><ele>905.0</ele></trkpt>
<trkpt lat="46.500000" lon="10.603669"><ele>904.5</ele></trkpt>
<trkpt lat="46.500000" lon="10.603708"><ele>904.1</ele></trkpt>
<trkpt lat="46.500000" lon="10.603748"><ele>903.6</ele></trkpt>
<trkpt lat="46.500000" lon="10.603787"><ele>903.2</ele></trkpt>
<trkpt lat="46.500000" lon="10.603826"><ele>902.7</ele></trkpt>
<trkpt lat="46.500000" lon="10.603865"><ele>902.3</ele></trkpt>
<trkpt lat="46.500000" lon="10.603904"><ele>901.8</ele></trkpt>
<trkpt lat="46.500000" lon="10.603943"><ele>901.4</ele></trkpt>
<trkpt lat="46.500000" lon="10.603982"><ele>900.9</ele></trkpt>
<trkpt lat="46.500000" lon="10.604022"><ele>900.5</ele></trkpt>
<trkpt lat="46.500000" lon="10.604061"><ele>900.0</ele></trkpt>
<trkpt lat="46.500000" lon="10.604100"><ele>900.0</ele></trkpt>
<trkpt lat="46.500000" lon="10.604139"><ele>900.0</ele></trkpt>
<trkpt lat="46.500000" lon="10.604178"><ele>900.0</ele></trkpt>
<trkpt lat="46.500000" lon="10.604217"><ele>900.0</ele></trkpt>
<trkpt lat="46.500000" lon="10.604256"><ele>900.0</ele></trkpt>
<trkpt lat="46.500000" lon="10.604296"><ele>900.0</ele></trkpt>
<trkpt lat="46.500000" lon="10.604335"><ele>900.0</ele></trkpt>
<trkpt lat="46.500000" lon="10.604374"><ele>900.0</ele></trkpt>
<trkpt lat="46.500000" lon="10.604413"><ele>900.0</ele></trkpt>
<trkpt lat="46.500000" lon="10.604452"><ele>900.0</ele></trkpt>
<trkpt lat="46.500000" lon="10.604491"><ele>900.0</ele></trkpt>
<trkpt lat="46.500000" lon="10.604530"><ele>900.0</ele></trkpt>
<trkpt lat="46.500000" lon="10.604570"><ele>900.0</ele></trkpt>
<trkpt lat="46.500000" lon="10.604609"><ele>900.0</ele></trkpt>
<trkpt lat="46.500000" lon="10.604648"><ele>900.0</ele></trkpt>
<trkpt lat="46.500000" lon="10.604687"><ele>900.0</ele></trkpt>
<trkpt lat="46.500000" lon="10.604726"><ele>900.0</ele></trkpt>
<trkpt lat="46.500000" lon="10.604765"><ele>900.0</ele></trkpt>
<trkpt lat="46.500000" lon="10.604805"><ele>900.0</ele></trkpt>
<trkpt lat="46.500000" lon="10.604844"><ele>900.0</ele></trkpt>
<trkpt lat="46.500000" lon="10.604883"><ele>900.0</ele></trkpt>
<trkpt lat="46.500000" lon="10.604922"><ele>900.0</ele></trkpt>
<trkpt lat="46.500000" lon="10.604961"><ele>900.0</ele></trkpt>
<trkpt lat="46.500000" lon="10.605000"><ele>900.0</ele></trkpt>
<trkpt lat="46.500000" lon="10.605039"><ele>900.0</ele></trkpt>
<trkpt lat="46.500000" lon="10.605079"><ele>900.0</ele></trkpt>
<trkpt lat="46.500000" lon="10.605118"><ele>900.0</ele></trkpt>
<trkpt lat="46.500000" lon="10.605157"><ele>900.0</ele></trkpt>
<trkpt lat="46.500000" lon="10.605196"><ele>900.0</ele></trkpt>
<trkpt lat="46.500000" lon="10.605235"><ele>900.0</ele></trkpt>
<trkpt lat="46.500000" lon="10.605274"><ele>900.0</ele></trkpt>
<trkpt lat="46.500000" lon="10.605313"><ele>900.0</ele></trkpt>
<trkpt lat="46.500000" lon="10.605353"><ele>900.0</ele></trkpt>
<trkpt lat="46.500000" lon="10.605392"><ele>900.0</ele></trkpt>
<trkpt lat="46.500000" lon="10.605431"><ele>900.0</ele></trkpt>
<trkpt lat="46.500000" lon="10.605470"><ele>900.0</ele></trkpt>
<trkpt lat="46.500000" lon="10.605509"><ele>900.0</ele></trkpt>
<trkpt lat="46.500000" lon="10.605548"><ele>900.0</ele></trkpt>
<trkpt lat="46.500000" lon="10.605588"><ele>900.0</ele></trkpt>
<trkpt lat="46.500000" lon="10.605627"><ele>900.0</ele></trkpt>
<trkpt lat="46.500000" lon="10.605666"><ele>900.0</ele></trkpt>
<trkpt lat="46.500000" lon="10.605705"><ele>900.0</ele></trkpt>
<trkpt lat="46.500000" lon="10.605744"><ele>900.0</ele></trkpt>
<trkpt lat="46.500000" lon="10.605783"><ele>900.0</ele></trkpt>
<trkpt lat="46.500000" lon="10.605822"><ele>900.0</ele></trkpt>
<trkpt lat="46.500000" lon="10.605862"><ele>900.0</ele></trkpt>
<trkpt lat="46.500000" lon="10.605901"><ele>900.0</ele></trkpt>
<trkpt lat="46.500000" lon="10.605940"><ele>900.0</ele></trkpt>
<trkpt lat="46.500000" lon="10.605979"><ele>900.0</ele></trkpt>
<trkpt lat="46.500000" lon="10.606018"><ele>900.0</ele></trkpt>
<trkpt lat="46.500000" lon="10.606057"><ele>900.5</ele></trkpt>
<trkpt lat="46.500000" lon="10.606096"><ele>900.9</ele></trkpt>
<trkpt lat="46.500000" lon="10.606136"><ele>901.4</ele></trkpt>
<trkpt lat="46.500000" lon="10.606175"><ele>901.8</ele></trkpt>
<trkpt lat="46.500000" lon="10.606214"><ele>902.3</ele></trkpt>
<trkpt lat="46.500000" lon="10.606253"><ele>902.7</ele></trkpt>
<trkpt lat="46.500000" lon="10.606292"><ele>903.2</ele></trkpt>
<trkpt lat="46.500000" lon="10.606331"><ele>903.6</ele></trkpt>
<trkpt lat="46.500000" lon="10.606371"><ele>904.1</ele></trkpt>
<trkpt lat="46.500000" lon="10.606410"><ele>904.5</ele></trkpt>
<trkpt lat="46.500000" lon="10.606449"><ele>905.0</ele></trkpt>
<trkpt lat="46.500000" lon="10.606488"><ele>905.4</ele></trkpt>
<trkpt lat="46.500000" lon="10.606527"><ele>905.9</ele></trkpt>
<trkpt lat="46.500000" lon="10.606566"><ele>906.3</ele></trkpt>
<trkpt lat="46.500000" lon="10.606605"><ele>906.8</ele></trkpt>
<trkpt lat="46.500000" lon="10.606645"><ele>907.2</ele></trkpt>
<trkpt lat="46.500000" lon="10.606684"><ele>907.7</ele></trkpt>
<trkpt lat="46.500000" lon="10.606723"><ele>908.1</ele></trkpt>
<trkpt lat="46.500000" lon="10.606762"><ele>908.6</ele></trkpt>
<trkpt lat="46.500000" lon="10.606801"><ele>909.0</ele></trkpt>
<trkpt lat="46.500000" lon="10.606840"><ele>909.5</ele></trkpt>
<trkpt lat="46.500000" lon="10.606879"><ele>909.9</ele></trkpt>
<trkpt lat="46.500000" lon="10.606919"><ele>910.4</ele></trkpt>
<trkpt lat="46.500000" lon="10.606958"><ele>910.8</ele></trkpt>
<trkpt lat="46.500000" lon="10.606997"><ele>911.3</ele></trkpt>
<trkpt lat="46.500000" lon="10.607036"><ele>911.7</ele></trkpt>
<trkpt lat="46.500000" lon="10.607075"><ele>912.2</ele></trkpt>
<trkpt lat="46.500000" lon="10.607114"><ele>912.6</ele></trkpt>
<trkpt lat="46.500000" lon="10.607154"><ele>913.1</ele></trkpt>
<trkpt lat="46.500000" lon="10.607193"><ele>913.5</ele></trkpt>
<trkpt lat="46.500000" lon="10.607232"><ele>914.0</ele></trkpt>
<trkpt lat="46.500000" lon="10.607271"><ele>914.4</ele></trkpt>
<trkpt lat="46.500000" lon="10.607310"><ele>914.9</ele></trkpt>
<trkpt lat="46.500000" lon="10.607349"><ele>915.3</ele></trkpt>
<trkpt lat="46.500000" lon="10.607388"><ele>915.8</ele></trkpt>
<trkpt lat="46.500000" lon="10.607428"><ele>916.2</ele></trkpt>
<trkpt lat="46.500000" lon="10.607467"><ele>916.7</ele></trkpt>
<trkpt lat="46.500000" lon="10.607506"><ele>917.1</ele></trkpt>
<trkpt lat="46.500000" lon="10.607545"><ele>917.6</ele></trkpt>
<trkpt lat="46.500000" lon="10.607584"><ele>918.0</ele></trkpt>
<trkpt lat="46.500000" lon="10.607623"><ele>918.5</ele></trkpt>
<trkpt lat="46.500000" lon="10.607662"><ele>918.9</ele></trkpt>
<trkpt lat="46.500000" lon="10.607702"><ele>919.4</ele></trkpt>
<trkpt lat="46.500000" lon="10.607741"><ele>919.8</ele></trkpt>
<trkpt lat="46.500000" lon="10.607780"><ele>920.3</ele></trkpt>
<trkpt lat="46.500000" lon="10.607819"><ele>920.8</ele></trkpt>
<trkpt lat="46.500000" lon="10.607858"><ele>921.2</ele></trkpt>
<trkpt lat="46.500000" lon="10.607897"><ele>921.7</ele></trkpt>
<trkpt lat="46.500000" lon="10.607937"><ele>922.1</ele></trkpt>
<trkpt lat="46.500000" lon="10.607976"><ele>922.6</ele></trkpt>
<trkpt lat="46.500000" lon="10.608015"><ele>923.0</ele></trkpt>
<trkpt lat="46.500000" lon="10.608054"><ele>923.5</ele></trkpt>
<trkpt lat="46.500000" lon="10.608093"><ele>923.9</ele></trkpt>
<trkpt lat="46.500000" lon="10.608132"><ele>924.4</ele></trkpt>
<trkpt lat="46.500000" lon="10.608171"><ele>924.8</ele></trkpt>
<trkpt lat="46.500000" lon="10.608211"><ele>925.3</ele></trkpt>
<trkpt lat="46.500000" lon="10.608250"><ele>925.7</ele></trkpt>
<trkpt lat="46.500000" lon="10.608289"><ele>926.2</ele></trkpt>
<trkpt lat="46.500000" lon="10.608328"><ele>926.6</ele></trkpt>
<trkpt lat="46.500000" lon="10.608367"><ele>927.1</ele></trkpt>
<trkpt lat="46.500000" lon="10.608406"><ele>927.5</ele></trkpt>
<trkpt lat="46.500000" lon="10.608446"><ele>928.0</ele></trkpt>
<trkpt lat="46.500000" lon="10.608485"><ele>928.4</ele></trkpt>
<trkpt lat="46.500000" lon="10.608524"><ele>928.9</ele></trkpt>
<trkpt lat="46.500000" lon="10.608563"><ele>929.3</ele></trkpt>
<trkpt lat="46.500000" lon="10.608602"><ele>929.8</ele></trkpt>
<trkpt lat="46.500000" lon="10.608641"><ele>930.2</ele></trkpt>
<trkpt lat="46.500000" lon="10.608680"><ele>930.7</ele></trkpt>
<trkpt lat="46.500000" lon="10.608720"><ele>931.1</ele></trkpt>
<trkpt lat="46.500000" lon="10.608759"><ele>931.6</ele></trkpt>
<trkpt lat="46.500000" lon="10.608798"><ele>932.0</ele></trkpt>
<trkpt lat="46.500000" lon="10.608837"><ele>932.5</ele></trkpt>
<trkpt lat="46.500000" lon="10.608876"><ele>932.9</ele></trkpt>
<trkpt lat="46.500000" lon="10.608915"><ele>933.4</ele></trkpt>
<trkpt lat="46.500000" lon="10.608954"><ele>933.8</ele></trkpt>
<trkpt lat="46.500000" lon="10.608994"><ele>934.3</ele></trkpt>
<trkpt lat="46.500000" lon="10.609033"><ele>934.7</ele></trkpt>
<trkpt lat="46.500000" lon="10.609072"><ele>935.2</ele></trkpt>
<trkpt lat="46.500000" lon="10.609111"><ele>935.6</ele></trkpt>
<trkpt lat="46.500000" lon="10.609150"><ele>936.1</ele></trkpt>
<trkpt lat="46.500000" lon="10.609189"><ele>936.5</ele></trkpt>
<trkpt lat="46.500000" lon="10.609229"><ele>937.0</ele></trkpt>
<trkpt lat="46.500000" lon="10.609268"><ele>937.4</ele></trkpt>
<trkpt lat="46.500000" lon="10.609307"><ele>937.9</ele></trkpt>
<trkpt lat="46.500000" lon="10.609346"><ele>938.3</ele></trkpt>
<trkpt lat="46.500000" lon="10.609385"><ele>938.8</ele></trkpt>
<trkpt lat="46.500000" lon="10.609424"><ele>939.2</ele></trkpt>
<trkpt lat="46.500000" lon="10.609463"><ele>939.7</ele></trkpt>
<trkpt lat="46.500000" lon="10.609503"><ele>940.2</ele></trkpt>
<trkpt lat="46.500000" lon="10.609542"><ele>940.6</ele></trkpt>
<trkpt lat="46.500000" lon="10.609581"><ele>941.1</ele></trkpt>
<trkpt lat="46.500000" lon="10.609620"><ele>941.5</ele></trkpt>
<trkpt lat="46.500000" lon="10.609659"><ele>942.0</ele></trkpt>
<trkpt lat="46.500000" lon="10.609698"><ele>942.4</ele></trkpt>
<trkpt lat="46.500000" lon="10.609737"><ele>942.9</ele></trkpt>
<trkpt lat="46.500000" lon="10.609777"><ele>943.3</ele></trkpt>
<trkpt lat="46.500000" lon="10.609816"><ele>943.8</ele></trkpt>
<trkpt lat="46.500000" lon="10.609855"><ele>944.2</ele></trkpt>
<trkpt lat="46.500000" lon="10.609894"><ele>944.7</ele></trkpt>
<trkpt lat="46.500000" lon="10.609933"><ele>945.1</ele></trkpt>
<trkpt lat="46.500000" lon="10.609972"><ele>945.6</ele></trkpt>
<trkpt lat="46.500000" lon="10.610012"><ele>946.0</ele></trkpt>
<trkpt lat="46.500000" lon="10.610051"><ele>946.5</ele></trkpt>
<trkpt lat="46.500000" lon="10.610090"><ele>946.9</ele></trkpt>
<trkpt lat="46.500000" lon="10.610129"><ele>947.4</ele></trkpt>
<trkpt lat="46.500000" lon="10.610168"><ele>947.8</ele></trkpt>
<trkpt lat="46.500000" lon="10.610207"><ele>948.3</ele></trkpt>
<trkpt lat="46.500000" lon="10.610246"><ele>948.7</ele></trkpt>
<trkpt lat="46.500000" lon="10.610286"><ele>949.2</ele></trkpt>
<trkpt lat="46.500000" lon="10.610325"><ele>949.6</ele></trkpt>
<trkpt lat="46.500000" lon="10.610364"><ele>950.1</ele></trkpt>
<trkpt lat="46.500000" lon="10.610403"><ele>950.5</ele></trkpt>
<trkpt lat="46.500000" lon="10.610442"><ele>951.0</ele></trkpt>
<trkpt lat="46.500000" lon="10.610481"><ele>951.4</ele></trkpt>
<trkpt lat="46.500000" lon="10.610520"><ele>951.9</ele></trkpt>
<trkpt lat="46.500000" lon="10.610560"><ele>952.3</ele></trkpt>
<trkpt lat="46.500000" lon="10.610599"><ele>952.8</ele></trkpt>
<trkpt lat="46.500000" lon="10.610638"><ele>953.2</ele></trkpt>
<trkpt lat="46.500000" lon="10.610677"><ele>953.7</ele></trkpt>
<trkpt lat="46.500000" lon="10.610716"><ele>954.1</ele></trkpt>
<trkpt lat="46.500000" lon="10.610755"><ele>954.6</ele></trkpt>
<trkpt lat="46.500000" lon="10.610795"><ele>955.0</ele></trkpt>
<trkpt lat="46.500000" lon="10.610834"><ele>955.5</ele></trkpt>
<trkpt lat="46.500000" lon="10.610873"><ele>955.9</ele></trkpt>
<trkpt lat="46.500000" lon="10.610912"><ele>956.4</ele></trkpt>
<trkpt lat="46.500000" lon="10.610951"><ele>956.8</ele></trkpt>
<trkpt lat="46.500000" lon="10.610990"><ele>957.3</ele></trkpt>
<trkpt lat="46.500000" lon="10.611029"><ele>957.7</ele></trkpt>
<trkpt lat="46.500000" lon="10.611069"><ele>958.2</ele></trkpt>
<trkpt lat="46.500000" lon="10.611108"><ele>958.6</ele></trkpt>
<trkpt lat="46.500000" lon="10.611147"><ele>959.1</ele></trkpt>
<trkpt lat="46.500000" lon="10.611186"><ele>959.5</ele></trkpt>
<trkpt lat="46.500000" lon="10.611225"><ele>960.0</ele></trkpt>
<trkpt lat="46.500000" lon="10.611264"><ele>959.5</ele></trkpt>
<trkpt lat="46.500000" lon="10.611303"><ele>959.1</ele></trkpt>
<trkpt lat="46.500000" lon="10.611343"><ele>958.6</ele></trkpt>
<trkpt lat="46.500000" lon="10.611382"><ele>958.2</ele></trkpt>
<trkpt lat="46.500000" lon="10.611421"><ele>957.7</ele></trkpt>
<trkpt lat="46.500000" lon="10.611460"><ele>957.3</ele></trkpt>
<trkpt lat="46.500000" lon="10.611499"><ele>956.8</ele></trkpt>
<trkpt lat="46.500000" lon="10.611538"><ele>956.4</ele></trkpt>
<trkpt lat="46.500000" lon="10.611577"><ele>955.9</ele></trkpt>
<trkpt lat="46.500000" lon="10.611617"><ele>955.5</ele></trkpt>
<trkpt lat="46.500000" lon="10.611656"><ele>955.0</ele></trkpt>
<trkpt lat="46.500000" lon="10.611695"><ele>954.6</ele></trkpt>
<trkpt lat="46.500000" lon="10.611734"><ele>954.1</ele></trkpt>
<trkpt lat="46.500000" lon="10.611773"><ele>953.7</ele></trkpt>
<trkpt lat="46.500000" lon="10.611812"><ele>953.2</ele></trkpt>
<trkpt lat="46.500000" lon="10.611852"><ele>952.8</ele></trkpt>
<trkpt lat="46.500000" lon="10.611891"><ele>952.3</ele></trkpt>
<trkpt lat="46.500000" lon="10.611930"><ele>951.9</ele></trkpt>
<trkpt lat="46.500000" lon="10.611969"><ele>951.4</ele></trkpt>
<trkpt lat="46.500000" lon="10.612008"><ele>951.0</ele></trkpt>
<trkpt lat="46.500000" lon="10.612047"><ele>950.5</ele></trkpt>
<trkpt lat="46.500000" lon="10.612086"><ele>950.1</ele></trkpt>
<trkpt lat="46.500000" lon="10.612126"><ele>949.6</ele></trkpt>
<trkpt lat="46.500000" lon="10.612165"><ele>949.2</ele></trkpt>
<trkpt lat="46.500000" lon="10.612204"><ele>948.7</ele></trkpt>
<trkpt lat="46.500000" lon="10.612243"><ele>948.3</ele></trkpt>
<trkpt lat="46.500000" lon="10.612282"><ele>947.8</ele></trkpt>
<trkpt lat="46.500000" lon="10.612321"><ele>947.4</ele></trkpt>
<trkpt lat="46.500000" lon="10.612360"><ele>946.9</ele></trkpt>
<trkpt lat="46.500000" lon="10.612400"><ele>946.5</ele></trkpt>
<trkpt lat="46.500000" lon="10.612439"><ele>946.0</ele></trkpt>
<trkpt lat="46.500000" lon="10.612478"><ele>945.6</ele></trkpt>
<trkpt lat="46.500000" lon="10.612517"><ele>945.1</ele></trkpt>
<trkpt lat="46.500000" lon="10.612556"><ele>944.7</ele></trkpt>
<trkpt lat="46.500000" lon="10.612595"><ele>944.2</ele></trkpt>
<trkpt lat="46.500000" lon="10.612635"><ele>943.8</ele></trkpt>
<trkpt lat="46.500000" lon="10.612674"><ele>943.3</ele></trkpt>
<trkpt lat="46.500000" lon="10.612713"><ele>942.9</ele></trkpt>
<trkpt lat="46.500000" lon="10.612752"><ele>942.4</ele></trkpt>
<trkpt lat="46.500000" lon="10.612791"><ele>942.0</ele></trkpt>
<trkpt lat="46.500000" lon="10.612830"><ele>941.5</ele></trkpt>
<trkpt lat="46.500000" lon="10.612869"><ele>941.1</ele></trkpt>
<trkpt lat="46.500000" lon="10.612909"><ele>940.6</ele></trkpt>
<trkpt lat="46.500000" lon="10.612948"><ele>940.2</ele></trkpt>
<trkpt lat="46.500000" lon="10.612987"><ele>939.7</ele></trkpt>
<trkpt lat="46.500000" lon="10.613026"><ele>939.2</ele></trkpt>
<trkpt lat="46.500000" lon="10.613065"><ele>938.8</ele></trkpt>
<trkpt lat="46.500000" lon="10.613104"><ele>938.3</ele></trkpt>
<trkpt lat="46.500000" lon="10.613143"><ele>937.9</ele></trkpt>
<trkpt lat="46.500000" lon="10.613183"><ele>937.4</ele></trkpt>
<trkpt lat="46.500000" lon="10.613222"><ele>937.0</ele></trkpt>
<trkpt lat="46.500000" lon="10.613261"><ele>936.5</ele></trkpt>
<trkpt lat="46.500000" lon="10.613300"><ele>936.1</ele></trkpt>
<trkpt lat="46.500000" lon="10.613339"><ele>935.6</ele></trkpt>
<trkpt lat="46.500000" lon="10.613378"><ele>935.2</ele></trkpt>
<trkpt lat="46.500000" lon="10.613418"><ele>934.7</ele></trkpt>
<trkpt lat="46.500000" lon="10.613457"><ele>934.3</ele></trkpt>
<trkpt lat="46.500000" lon="10.613496"><ele>933.8</ele></trkpt>
<trkpt lat="46.500000" lon="10.613535"><ele>933.4</ele></trkpt>
<trkpt lat="46.500000" lon="10.613574"><ele>932.9</ele></trkpt>
<trkpt lat="46.500000" lon="10.613613"><ele>932.5</ele></trkpt>
<trkpt lat="46.500000" lon="10.613652"><ele>932.0</ele></trkpt>
<trkpt lat="46.500000" lon="10.613692"><ele>931.6</ele></trkpt>
<trkpt lat="46.500000" lon="10.613731"><ele>931.1</ele></trkpt>
<trkpt lat="46.500000" lon="10.613770"><ele>930.7</ele></trkpt>
<trkpt lat="46.500000" lon="10.613809"><ele>930.2</ele></trkpt>
<trkpt lat="46.500000" lon="10.613848"><ele>929.8</ele></trkpt>
<trkpt lat="46.500000" lon="10.613887"><ele>929.3</ele></trkpt>
<trkpt lat="46.500000" lon="10.613926"><ele>928.9</ele></trkpt>
<trkpt lat="46.500000" lon="10.613966"><ele>928.4</ele></trkpt>
<trkpt lat="46.500000" lon="10.614005"><ele>928.0</ele></trkpt>
<trkpt lat="46.500000" lon="10.614044"><ele>927.5</ele></trkpt>
<trkpt lat="46.500000" lon="10.614083"><ele>927.1</ele></trkpt>
<trkpt lat="46.500000" lon="10.614122"><ele>926.6</ele></trkpt>
<trkpt lat="46.500000" lon="10.614161"><ele>926.2</ele></trkpt>
<trkpt lat="46.500000" lon="10.614201"><ele>925.7</ele></trkpt>
<trkpt lat="46.500000" lon="10.614240"><ele>925.3</ele></trkpt>
<trkpt lat="46.500000" lon="10.614279"><ele>924.8</ele></trkpt>
<trkpt lat="46.500000" lon="10.614318"><ele>924.4</ele></trkpt>
<trkpt lat="46.500000" lon="10.614357"><ele>923.9</ele></trkpt>
<trkpt lat="46.500000" lon="10.614396"><ele>923.5</ele></trkpt>
<trkpt lat="46.500000" lon="10.614435"><ele>923.0</ele></trkpt>
<trkpt lat="46.500000" lon="10.614475"><ele>922.6</ele></trkpt>
<trkpt lat="46.500000" lon="10.614514"><ele>922.1</ele></trkpt>
<trkpt lat="46.500000" lon="10.614553"><ele>921.7</ele></trkpt>
<trkpt lat="46.500000" lon="10.614592"><ele>921.2</ele></trkpt>
<trkpt lat="46.500000" lon="10.614631"><ele>920.8</ele></trkpt>
<trkpt lat="46.500000" lon="10.614670"><ele>920.3</ele></trkpt>
<trkpt lat="46.500000" lon="10.614710"><ele>919.8</ele></trkpt>
<trkpt lat="46.500000" lon="10.614749"><ele>919.4</ele></trkpt>
<trkpt lat="46.500000" lon="10.614788"><ele>918.9</ele></trkpt>
<trkpt lat="46.500000" lon="10.614827"><ele>918.5</ele></trkpt>
<trkpt lat="46.500000" lon="10.614866"><ele>918.0</ele></trkpt>
<trkpt lat="46.500000" lon="10.614905"><ele>917.6</ele></trkpt>
<trkpt lat="46.500000" lon="10.614944"><ele>917.1</ele></trkpt>
<trkpt lat="46.500000" lon="10.614984"><ele>916.7</ele></trkpt>
<trkpt lat="46.500000" lon="10.615023"><ele>916.2</ele></trkpt>
<trkpt lat="46.500000" lon="10.615062"><ele>915.8</ele></trkpt>
<trkpt lat="46.500000" lon="10.615101"><ele>915.3</ele></trkpt>
<trkpt lat="46.500000" lon="10.615140"><ele>914.9</ele></trkpt>
<trkpt lat="46.500000" lon="10.615179"><ele>914.4</ele></trkpt>
<trkpt lat="46.500000" lon="10.615218"><ele>914.0</ele></trkpt>
<trkpt lat="46.500000" lon="10.615258"><ele>913.5</ele></trkpt>
<trkpt lat="46.500000" lon="10.615297"><ele>913.1</ele></trkpt>
<trkpt lat="46.500000" lon="10.615336"><ele>912.6</ele></trkpt>
<trkpt lat="46.500000" lon="10.615375"><ele>912.2</ele></trkpt>
<trkpt lat="46.500000" lon="10.615414"><ele>911.7</ele></trkpt>
<trkpt lat="46.500000" lon="10.615453"><ele>911.3</ele></trkpt>
<trkpt lat="46.500000" lon="10.615493"><ele>910.8</ele></trkpt>
<trkpt lat="46.500000" lon="10.615532"><ele>910.4</ele></trkpt>
<trkpt lat="46.500000" lon="10.615571"><ele>909.9</ele></trkpt>
<trkpt lat="46.500000" lon="10.615610"><ele>909.5</ele></trkpt>
<trkpt lat="46.500000" lon="10.615649"><ele>909.0</ele></trkpt>
<trkpt lat="46.500000" lon="10.615688"><ele>908.6</ele></trkpt>
<trkpt lat="46.500000" lon="10.615727"><ele>908.1</ele></trkpt>
<trkpt lat="46.500000" lon="10.615767"><ele>907.7</ele></trkpt>
<trkpt lat="46.500000" lon="10.615806"><ele>907.2</ele></trkpt>
<trkpt lat="46.500000" lon="10.615845"><ele>906.8</ele></trkpt>
<trkpt lat="46.500000" lon="10.615884"><ele>906.3</ele></trkpt>
<trkpt lat="46.500000" lon="10.615923"><ele>905.9</ele></trkpt>
<trkpt lat="46.500000" lon="10.615962"><ele>905.4</ele></trkpt>
<trkpt lat="46.500000" lon="10.616001"><ele>905.0</ele></trkpt>
<trkpt lat="46.500000" lon="10.616041"><ele>904.5</ele></trkpt>
<trkpt lat="46.500000" lon="10.616080"><ele>904.1</ele></trkpt>
<trkpt lat="46.500000" lon="10.616119"><ele>903.6</ele></trkpt>
<trkpt lat="46.500000" lon="10.616158"><ele>903.2</ele></trkpt>
<trkpt lat="46.500000" lon="10.616197"><ele>902.7</ele></trkpt>
<trkpt lat="46.500000" lon="10.616236"><ele>902.3</ele></trkpt>
<trkpt lat="46.500000" lon="10.616276"><ele>901.8</ele></trkpt>
<trkpt lat="46.500000" lon="10.616315"><ele>901.4</ele></trkpt>
<trkpt lat="46.500000" lon="10.616354"><ele>900.9</ele></trkpt>
<trkpt lat="46.500000" lon="10.616393"><ele>900.5</ele></trkpt>
<trkpt lat="46.500000" lon="10.616432"><ele>900.0</ele></trkpt>
<trkpt lat="46.500000" lon="10.616471"><ele>900.0</ele></trkpt>
<trkpt lat="46.500000" lon="10.616510"><ele>900.0</ele></trkpt>
<trkpt lat="46.500000" lon="10.616550"><ele>900.0</ele></trkpt>
<trkpt lat="46.500000" lon="10.616589"><ele>900.0</ele></trkpt>
<trkpt lat="46.500000" lon="10.616628"><ele>900.0</ele></trkpt>
<trkpt lat="46.500000" lon="10.616667"><ele>900.0</ele></trkpt>
<trkpt lat="46.500000" lon="10.616706"><ele>900.0</ele></trkpt>
<trkpt lat="46.500000" lon="10.616745"><ele>900.0</ele></trkpt>
<trkpt lat="46.500000" lon="10.616784"><ele>900.0</ele></trkpt>
<trkpt lat="46.500000" lon="10.616824"><ele>900.0</ele></trkpt>
<trkpt lat="46.500000" lon="10.616863"><ele>900.0</ele></trkpt>
<trkpt lat="46.500000" lon="10.616902"><ele>900.0</ele></trkpt>
<trkpt lat="46.500000" lon="10.616941"><ele>900.0</ele></trkpt>
<trkpt lat="46.500000" lon="10.616980"><ele>900.0</ele></trkpt>
<trkpt lat="46.500000" lon="10.617019"><ele>900.0</ele></trkpt>
<trkpt lat="46.500000" lon="10.617059"><ele>900.0</ele></trkpt>
<trkpt lat="46.500000" lon="10.617098"><ele>900.0</ele></trkpt>
<trkpt lat="46.500000" lon="10.617137"><ele>900.0</ele></trkpt>
<trkpt lat="46.500000" lon="10.617176"><ele>900.0</ele></trkpt>
<trkpt lat="46.500000" lon="10.617215"><ele>900.0</ele></trkpt>
<trkpt lat="46.500000" lon="10.617254"><ele>900.0</ele></trkpt>
<trkpt lat="46.500000" lon="10.617293"><ele>900.0</ele></trkpt>
<trkpt lat="46.500000" lon="10.617333"><ele>900.0</ele></trkpt>
<trkpt lat="46.500000" lon="10.617372"><ele>900.0</ele></trkpt>
<trkpt lat="46.500000" lon="10.617411"><ele>900.0</ele></trkpt>
<trkpt lat="46.500000" lon="10.617450"><ele>900.0</ele></trkpt>
<trkpt lat="46.500000" lon="10.617489"><ele>900.0</ele></trkpt>
<trkpt lat="46.500000" lon="10.617528"><ele>900.0</ele></trkpt>
<trkpt lat="46.500000" lon="10.617567"><ele>900.0</ele></trkpt>
<trkpt lat="46.500000" lon="10.617607"><ele>900.0</ele></trkpt>
<trkpt lat="46.500000" lon="10.617646"><ele>900.0</ele></trkpt>
<trkpt lat="46.500000" lon="10.617685"><ele>900.0</ele></trkpt>
<trkpt lat="46.500000" lon="10.617724"><ele>900.0</ele></trkpt>
<trkpt lat="46.500000" lon="10.617763"><ele>900.0</ele></trkpt>
<trkpt lat="46.500000" lon="10.617802"><ele>900.0</ele></trkpt>
<trkpt lat="46.500000" lon="10.617842"><ele>900.0</ele></trkpt>
<trkpt lat="46.500000" lon="10.617881"><ele>900.0</ele></trkpt>
<trkpt lat="46.500000" lon="10.617920"><ele>900.0</ele></trkpt>
<trkpt lat="46.500000" lon="10.617959"><ele>900.0</ele></trkpt>
<trkpt lat="46.500000" lon="10.617998"><ele>900.0</ele></trkpt>
<trkpt lat="46.500000" lon="10.618037"><ele>900.0</ele></trkpt>
<trkpt lat="46.500000" lon="10.618076"><ele>900.0</ele></trkpt>
<trkpt lat="46.500000" lon="10.618116"><ele>900.0</ele></trkpt>
<trkpt lat="46.500000" lon="10.618155"><ele>900.0</ele></trkpt>
<trkpt lat="46.500000" lon="10.618194"><ele>900.0</ele></trkpt>
<trkpt lat="46.500000" lon="10.618233"><ele>900.0</ele></trkpt>
<trkpt lat="46.500000" lon="10.618272"><ele>900.0</ele></trkpt>
<trkpt lat="46.500000" lon="10.618311"><ele>900.0</ele></trkpt>
<trkpt lat="46.500000" lon="10.618350"><ele>900.0</ele></trkpt>
<trkpt lat="46.500000" lon="10.618390"><ele>900.0</ele></trkpt>
<trkpt lat="46.500000" lon="10.618429"><ele>900.5</ele></trkpt>
<trkpt lat="46.500000" lon="10.618468"><ele>900.9</ele></trkpt>
<trkpt lat="46.500000" lon="10.618507"><ele>901.4</ele></trkpt>
<trkpt lat="46.500000" lon="10.618546"><ele>901.8</ele></trkpt>
<trkpt lat="46.500000" lon="10.618585"><ele>902.3</ele></trkpt>
<trkpt lat="46.500000" lon="10.618624"><ele>902.7</ele></trkpt>
<trkpt lat="46.500000" lon="10.618664"><ele>903.2</ele></trkpt>
<trkpt lat="46.500000" lon="10.618703"><ele>903.6</ele></trkpt>
<trkpt lat="46.500000" lon="10.618742"><ele>904.1</ele></trkpt>
<trkpt lat="46.500000" lon="10.618781"><ele>904.5</ele></trkpt>
<trkpt lat="46.500000" lon="10.618820"><ele>905.0</ele></trkpt>
<trkpt lat="46.500000" lon="10.618859"><ele>905.4</ele></trkpt>
<trkpt lat="46.500000" lon="10.618899"><ele>905.9</ele></trkpt>
<trkpt lat="46.500000" lon="10.618938"><ele>906.3</ele></trkpt>
<trkpt lat="46.500000" lon="10.618977"><ele>906.8</ele></trkpt>
<trkpt lat="46.500000" lon="10.619016"><ele>907.2</ele></trkpt>
<trkpt lat="46.500000" lon="10.619055"><ele>907.7</ele></trkpt>
<trkpt lat="46.500000" lon="10.619094"><ele>908.1</ele></trkpt>
<trkpt lat="46.500000" lon="10.619133"><ele>908.6</ele></trkpt>
<trkpt lat="46.500000" lon="10.619173"><ele>909.0</ele></trkpt>
<trkpt lat="46.500000" lon="10.619212"><ele>909.5</ele></trkpt>
<trkpt lat="46.500000" lon="10.619251"><ele>909.9</ele></trkpt>
<trkpt lat="46.500000" lon="10.619290"><ele>910.4</ele></trkpt>
<trkpt lat="46.500000" lon="10.619329"><ele>910.8</ele></trkpt>
<trkpt lat="46.500000" lon="10.619368"><ele>911.3</ele></trkpt>
<trkpt lat="46.500000" lon="10.619407"><ele>911.7</ele></trkpt>
<trkpt lat="46.500000" lon="10.619447"><ele>912.2</ele></trkpt>
<trkpt lat="46.500000" lon="10.619486"><ele>912.6</ele></trkpt>
<trkpt lat="46.500000" lon="10.619525"><ele>913.1</ele></trkpt>
<trkpt lat="46.500000" lon="10.619564"><ele>913.5</ele></trkpt>
<trkpt lat="46.500000" lon="10.619603"><ele>914.0</ele></trkpt>
<trkpt lat="46.500000" lon="10.619642"><ele>914.4</ele></trkpt>
<trkpt lat="46.500000" lon="10.619682"><ele>914.9</ele></trkpt>
<trkpt lat="46.500000" lon="10.619721"><ele>915.3</ele></trkpt>
<trkpt lat="46.500000" lon="10.619760"><ele>915.8</ele></trkpt>
<trkpt lat="46.500000" lon="10.619799"><ele>916.2</ele></trkpt>
<trkpt lat="46.500000" lon="10.619838"><ele>916.7</ele></trkpt>
<trkpt lat="46.500000" lon="10.619877"><ele>917.1</ele></trkpt>
<trkpt lat="46.500000" lon="10.619916"><ele>917.6</ele></trkpt>
<trkpt lat="46.500000" lon="10.619956"><ele>918.0</ele></trkpt>
<trkpt lat="46.500000" lon="10.619995"><ele>918.5</ele></trkpt>
<trkpt lat="46.500000" lon="10.620034"><ele>918.9</ele></trkpt>
<trkpt lat="46.500000" lon="10.620073"><ele>919.4</ele></trkpt>
<trkpt lat="46.500000" lon="10.620112"><ele>919.8</ele></trkpt>
<trkpt lat="46.500000" lon="10.620151"><ele>920.3</ele></trkpt>
<trkpt lat="46.500000" lon="10.620190"><ele>920.8</ele></trkpt>
<trkpt lat="46.500000" lon="10.620230"><ele>921.2</ele></trkpt>
<trkpt lat="46.500000" lon="10.620269"><ele>921.7</ele></trkpt>
<trkpt lat="46.500000" lon="10.620308"><ele>922.1</ele></trkpt>
<trkpt lat="46.500000" lon="10.620347"><ele>922.6</ele></trkpt>
<trkpt lat="46.500000" lon="10.620386"><ele>923.0</ele></trkpt>
<trkpt lat="46.500000" lon="10.620425"><ele>923.5</ele></trkpt>
<trkpt lat="46.500000" lon="10.620465"><ele>923.9</ele></trkpt>
<trkpt lat="46.500000" lon="10.620504"><ele>924.4</ele></trkpt>
<trkpt lat="46.500000" lon="10.620543"><ele>924.8</ele></trkpt>
<trkpt lat="46.500000" lon="10.620582"><ele>925.3</ele></trkpt>
<trkpt lat="46.500000" lon="10.620621"><ele>925.7</ele></trkpt>
<trkpt lat="46.500000" lon="10.620660"><ele>926.2</ele></trkpt>
<trkpt lat="46.500000" lon="10.620699"><ele>926.6</ele></trkpt>
<trkpt lat="46.500000" lon="10.620739"><ele>927.1</ele></trkpt>
<trkpt lat="46.500000" lon="10.620778"><ele>927.5</ele></trkpt>
<trkpt lat="46.500000" lon="10.620817"><ele>928.0</ele></trkpt>
<trkpt lat="46.500000" lon="10.620856"><ele>928.4</ele></trkpt>
<trkpt lat="46.500000" lon="10.620895"><ele>928.9</ele></trkpt>
<trkpt lat="46.500000" lon="10.620934"><ele>929.3</ele></trkpt>
<trkpt lat="46.500000" lon="10.620973"><ele>929.8</ele></trkpt>
<trkpt lat="46.500000" lon="10.621013"><ele>930.2</ele></trkpt>
<trkpt lat="46.500000" lon="10.621052"><ele>930.7</ele></trkpt>
<trkpt lat="46.500000" lon="10.621091"><ele>931.1</ele></trkpt>
<trkpt lat="46.500000" lon="10.621130"><ele>931.6</ele></trkpt>
<trkpt lat="46.500000" lon="10.621169"><ele>932.0</ele></trkpt>
<trkpt lat="46.500000" lon="10.621208"><ele>932.5</ele></trkpt>
<trkpt lat="46.500000" lon="10.621248"><ele>932.9</ele></trkpt>
<trkpt lat="46.500000" lon="10.621287"><ele>933.4</ele></trkpt>
<trkpt lat="46.500000" lon="10.621326"><ele>933.8</ele></trkpt>
<trkpt lat="46.500000" lon="10.621365"><ele>934.3</ele></trkpt>
<trkpt lat="46.500000" lon="10.621404"><ele>934.7</ele></trkpt>
<trkpt lat="46.500000" lon="10.621443"><ele>935.2</ele></trkpt>
<trkpt lat="46.500000" lon="10.621482"><ele>935.6</ele></trkpt>
<trkpt lat="46.500000" lon="10.621522"><ele>936.1</ele></trkpt>
<trkpt lat="46.500000" lon="10.621561"><ele>936.5</ele></trkpt>
<trkpt lat="46.500000" lon="10.621600"><ele>937.0</ele></trkpt>
<trkpt lat="46.500000" lon="10.621639"><ele>937.4</ele></trkpt>
<trkpt lat="46.500000" lon="10.621678"><ele>937.9</ele></trkpt>
<trkpt lat="46.500000" lon="10.621717"><ele>938.3</ele></trkpt>
<trkpt lat="46.500000" lon="10.621757"><ele>938.8</ele></trkpt>
<trkpt lat="46.500000" lon="10.621796"><ele>939.2</ele></trkpt>
<trkpt lat="46.500000" lon="10.621835"><ele>939.7</ele></trkpt>
<trkpt lat="46.500000" lon="10.621874"><ele>940.2</ele></trkpt>
<trkpt lat="46.500000" lon="10.621913"><ele>940.6</ele></trkpt>
<trkpt lat="46.500000" lon="10.621952"><ele>941.1</ele></trkpt>
<trkpt lat="46.500000" lon="10.621991"><ele>941.5</ele></trkpt>
<trkpt lat="46.500000" lon="10.622031"><ele>942.0</ele></trkpt>
<trkpt lat="46.500000" lon="10.622070"><ele>942.4</ele></trkpt>
<trkpt lat="46.500000" lon="10.622109"><ele>942.9</ele></trkpt>
<trkpt lat="46.500000" lon="10.622148"><ele>943.3</ele></trkpt>
<trkpt lat="46.500000" lon="10.622187"><ele>943.8</ele></trkpt>
<trkpt lat="46.500000" lon="10.622226"><ele>944.2</ele></trkpt>
<trkpt lat="46.500000" lon="10.622265"><ele>944.7</ele></trkpt>
<trkpt lat="46.500000" lon="10.622305"><ele>945.1</ele></trkpt>
<trkpt lat="46.500000" lon="10.622344"><ele>945.6</ele></trkpt>
<trkpt lat="46.500000" lon="10.622383"><ele>946.0</ele></trkpt>
<trkpt lat="46.500000" lon="10.622422"><ele>946.5</ele></trkpt>
<trkpt lat="46.500000" lon="10.622461"><ele>946.9</ele></trkpt>
<trkpt lat="46.500000" lon="10.622500"><ele>947.4</ele></trkpt>
<trkpt lat="46.500000" lon="10.622540"><ele>947.8</ele></trkpt>
<trkpt lat="46.500000" lon="10.622579"><ele>948.3</ele></trkpt>
<trkpt lat="46.500000" lon="10.622618"><ele>948.7</ele></trkpt>
<trkpt lat="46.500000" lon="10.622657"><ele>949.2</ele></trkpt>
<trkpt lat="46.500000" lon="10.622696"><ele>949.6</ele></trkpt>
<trkpt lat="46.500000" lon="10.622735"><ele>950.1</ele></trkpt>
<trkpt lat="46.500000" lon="10.622774"><ele>950.5</ele></trkpt>
<trkpt lat="46.500000" lon="10.622814"><ele>951.0</ele></trkpt>
<trkpt lat="46.500000" lon="10.622853"><ele>951.4</ele></trkpt>
<trkpt lat="46.500000" lon="10.622892"><ele>951.9</ele></trkpt>
<trkpt lat="46.500000" lon="10.622931"><ele>952.3</ele></trkpt>
<trkpt lat="46.500000" lon="10.622970"><ele>952.8</ele></trkpt>
<trkpt lat="46.500000" lon="10.623009"><ele>953.2</ele></trkpt>
<trkpt lat="46.500000" lon="10.623048"><ele>953.7</ele></trkpt>
<trkpt lat="46.500000" lon="10.623088"><ele>954.1</ele></trkpt>
<trkpt lat="46.500000" lon="10.623127"><ele>954.6</ele></trkpt>
<trkpt lat="46.500000" lon="10.623166"><ele>955.0</ele></trkpt>
<trkpt lat="46.500000" lon="10.623205"><ele>955.5</ele></trkpt>
<trkpt lat="46.500000" lon="10.623244"><ele>955.9</ele></trkpt>
<trkpt lat="46.500000" lon="10.623283"><ele>956.4</ele></trkpt>
<trkpt lat="46.500000" lon="10.623323"><ele>956.8</ele></trkpt>
<trkpt lat="46.500000" lon="10.623362"><ele>957.3</ele></trkpt>
<trkpt lat="46.500000" lon="10.623401"><ele>957.7</ele></trkpt>
<trkpt lat="46.500000" lon="10.623440"><ele>958.2</ele></trkpt>
<trkpt lat="46.500000" lon="10.623479"><ele>958.6</ele></trkpt>
<trkpt lat="46.500000" lon="10.623518"><ele>959.1</ele></trkpt>
<trkpt lat="46.500000" lon="10.623557"><ele>959.5</ele></trkpt>
<trkpt lat="46.500000" lon="10.623597"><ele>960.0</ele></trkpt>
<trkpt lat="46.500000" lon="10.623636"><ele>959.5</ele></trkpt>
<trkpt lat="46.500000" lon="10.623675"><ele>959.1</ele></trkpt>
<trkpt lat="46.500000" lon="10.623714"><ele>958.6</ele></trkpt>
<trkpt lat="46.500000" lon="10.623753"><ele>958.2</ele></trkpt>
<trkpt lat="46.500000" lon="10.623792"><ele>957.7</ele></trkpt>
<trkpt lat="46.500000" lon="10.623831"><ele>957.3</ele></trkpt>
<trkpt lat="46.500000" lon="10.623871"><ele>956.8</ele></trkpt>
<trkpt lat="46.500000" lon="10.623910"><ele>956.4</ele></trkpt>
<trkpt lat="46.500000" lon="10.623949"><ele>955.9</ele></trkpt>
<trkpt lat="46.500000" lon="10.623988"><ele>955.5</ele></trkpt>
<trkpt lat="46.500000" lon="10.624027"><ele>955.0</ele></trkpt>
<trkpt lat="46.500000" lon="10.624066"><ele>954.6</ele></trkpt>
<trkpt lat="46.500000" lon="10.624106"><ele>954.1</ele></trkpt>
<trkpt lat="46.500000" lon="10.624145"><ele>953.7</ele></trkpt>
<trkpt lat="46.500000" lon="10.624184"><ele>953.2</ele></trkpt>
<trkpt lat="46.500000" lon="10.624223"><ele>952.8</ele></trkpt>
<trkpt lat="46.500000" lon="10.624262"><ele>952.3</ele></trkpt>
<trkpt lat="46.500000" lon="10.624301"><ele>951.9</ele></trkpt>
<trkpt lat="46.500000" lon="10.624340"><ele>951.4</ele></trkpt>
<trkpt lat="46.500000" lon="10.624380"><ele>951.0</ele></trkpt>
<trkpt lat="46.500000" lon="10.624419"><ele>950.5</ele></trkpt>
<trkpt lat="46.500000" lon="10.624458"><ele>950.1</ele></trkpt>
<trkpt lat="46.500000" lon="10.624497"><ele>949.6</ele></trkpt>
<trkpt lat="46.500000" lon="10.624536"><ele>949.2</ele></trkpt>
<trkpt lat="46.500000" lon="10.624575"><ele>948.7</ele></trkpt>
<trkpt lat="46.500000" lon="10.624614"><ele>948.3</ele></trkpt>
<trkpt lat="46.500000" lon="10.624654"><ele>947.8</ele></trkpt>
<trkpt lat="46.500000" lon="10.624693"><ele>947.4</ele></trkpt>
<trkpt lat="46.500000" lon="10.624732"><ele>946.9</ele></trkpt>
<trkpt lat="46.500000" lon="10.624771"><ele>946.5</ele></trkpt>
<trkpt lat="46.500000" lon="10.624810"><ele>946.0</ele></trkpt>
<trkpt lat="46.500000" lon="10.624849"><ele>945.6</ele></trkpt>
<trkpt lat="46.500000" lon="10.624889"><ele>945.1</ele></trkpt>
<trkpt lat="46.500000" lon="10.624928"><ele>944.7</ele></trkpt>
<trkpt lat="46.500000" lon="10.624967"><ele>944.2</ele></trkpt>
<trkpt lat="46.500000" lon="10.625006"><ele>943.8</ele></trkpt>
<trkpt lat="46.500000" lon="10.625045"><ele>943.3</ele></trkpt>
<trkpt lat="46.500000" lon="10.625084"><ele>942.9</ele></trkpt>
<trkpt lat="46.500000" lon="10.625123"><ele>942.4</ele></trkpt>
<trkpt lat="46.500000" lon="10.625163"><ele>942.0</ele></trkpt>
<trkpt lat="46.500000" lon="10.625202"><ele>941.5</ele></trkpt>
<trkpt lat="46.500000" lon="10.625241"><ele>941.1</ele></trkpt>
<trkpt lat="46.500000" lon="10.625280"><ele>940.6</ele></trkpt>
<trkpt lat="46.500000" lon="10.625319"><ele>940.2</ele></trkpt>
<trkpt lat="46.500000" lon="10.625358"><ele>939.7</ele></trkpt>
<trkpt lat="46.500000" lon="10.625397"><ele>939.2</ele></trkpt>
<trkpt lat="46.500000" lon="10.625437"><ele>938.8</ele></trkpt>
<trkpt lat="46.500000" lon="10.625476"><ele>938.3</ele></trkpt>
<trkpt lat="46.500000" lon="10.625515"><ele>937.9</ele></trkpt>
<trkpt lat="46.500000" lon="10.625554"><ele>937.4</ele></trkpt>
<trkpt lat="46.500000" lon="10.625593"><ele>937.0</ele></trkpt>
<trkpt lat="46.500000" lon="10.625632"><ele>936.5</ele></trkpt>
<trkpt lat="46.500000" lon="10.625671"><ele>936.1</ele></trkpt>
<trkpt lat="46.500000" lon="10.625711"><ele>935.6</ele></trkpt>
<trkpt lat="46.500000" lon="10.625750"><ele>935.2</ele></trkpt>
<trkpt lat="46.500000" lon="10.625789"><ele>934.7</ele></trkpt>
<trkpt lat="46.500000" lon="10.625828"><ele>934.3</ele></trkpt>
<trkpt lat="46.500000" lon="10.625867"><ele>933.8</ele></trkpt>
<trkpt lat="46.500000" lon="10.625906"><ele>933.4</ele></trkpt>
<trkpt lat="46.500000" lon="10.625946"><ele>932.9</ele></trkpt>
<trkpt lat="46.500000" lon="10.625985"><ele>932.5</ele></trkpt>
<trkpt lat="46.500000" lon="10.626024"><ele>932.0</ele></trkpt>
<trkpt lat="46.500000" lon="10.626063"><ele>931.6</ele></trkpt>
<trkpt lat="46.500000" lon="10.626102"><ele>931.1</ele></trkpt>
<trkpt lat="46.500000" lon="10.626141"><ele>930.7</ele></trkpt>
<trkpt lat="46.500000" lon="10.626180"><ele>930.2</ele></trkpt>
<trkpt lat="46.500000" lon="10.626220"><ele>929.8</ele></trkpt>
<trkpt lat="46.500000" lon="10.626259"><ele>929.3</ele></trkpt>
<trkpt lat="46.500000" lon="10.626298"><ele>928.9</ele></trkpt>
<trkpt lat="46.500000" lon="10.626337"><ele>928.4</ele></trkpt>
<trkpt lat="46.500000" lon="10.626376"><ele>928.0</ele></trkpt>
<trkpt lat="46.500000" lon="10.626415"><ele>927.5</ele></trkpt>
<trkpt lat="46.500000" lon="10.626454"><ele>927.1</ele></trkpt>
<trkpt lat="46.500000" lon="10.626494"><ele>926.6</ele></trkpt>
<trkpt lat="46.500000" lon="10.626533"><ele>926.2</ele></trkpt>
<trkpt lat="46.500000" lon="10.626572"><ele>925.7</ele></trkpt>
<trkpt lat="46.500000" lon="10.626611"><ele>925.3</ele></trkpt>
<trkpt lat="46.500000" lon="10.626650"><ele>924.8</ele></trkpt>
<trkpt lat="46.500000" lon="10.626689"><ele>924.4</ele></trkpt>
<trkpt lat="46.500000" lon="10.626729"><ele>923.9</ele></trkpt>
<trkpt lat="46.500000" lon="10.626768"><ele>923.5</ele></trkpt>
<trkpt lat="46.500000" lon="10.626807"><ele>923.0</ele></trkpt>
<trkpt lat="46.500000" lon="10.626846"><ele>922.6</ele></trkpt>
<trkpt lat="46.500000" lon="10.626885"><ele>922.1</ele></trkpt>
<trkpt lat="46.500000" lon="10.626924"><ele>921.7</ele></trkpt>
<trkpt lat="46.500000" lon="10.626963"><ele>921.2</ele></trkpt>
<trkpt lat="46.500000" lon="10.627003"><ele>920.8</ele></trkpt>
<trkpt lat="46.500000" lon="10.627042"><ele>920.3</ele></trkpt>
<trkpt lat="46.500000" lon="10.627081"><ele>919.8</ele></trkpt>
<trkpt lat="46.500000" lon="10.627120"><ele>919.4</ele></trkpt>
<trkpt lat="46.500000" lon="10.627159"><ele>918.9</ele></trkpt>
<trkpt lat="46.500000" lon="10.627198"><ele>918.5</ele></trkpt>
<trkpt lat="46.500000" lon="10.627237"><ele>918.0</ele></trkpt>
<trkpt lat="46.500000" lon="10.627277"><ele>917.6</ele></trkpt>
<trkpt lat="46.500000" lon="10.627316"><ele>917.1</ele></trkpt>
<trkpt lat="46.500000" lon="10.627355"><ele>916.7</ele></trkpt>
<trkpt lat="46.500000" lon="10.627394"><ele>916.2</ele></trkpt>
<trkpt lat="46.500000" lon="10.627433"><ele>915.8</ele></trkpt>
<trkpt lat="46.500000" lon="10.627472"><ele>915.3</ele></trkpt>
<trkpt lat="46.500000" lon="10.627512"><ele>914.9</ele></trkpt>
<trkpt lat="46.500000" lon="10.627551"><ele>914.4</ele></trkpt>
<trkpt lat="46.500000" lon="10.627590"><ele>914.0</ele></trkpt>
<trkpt lat="46.500000" lon="10.627629"><ele>913.5</ele></trkpt>
<trkpt lat="46.500000" lon="10.627668"><ele>913.1</ele></trkpt>
<trkpt lat="46.500000" lon="10.627707"><ele>912.6</ele></trkpt>
<trkpt lat="46.500000" lon="10.627746"><ele>912.2</ele></trkpt>
<trkpt lat="46.500000" lon="10.627786"><ele>911.7</ele></trkpt>
<trkpt lat="46.500000" lon="10.627825"><ele>911.3</ele></trkpt>
<trkpt lat="46.500000" lon="10.627864"><ele>910.8</ele></trkpt>
<trkpt lat="46.500000" lon="10.627903"><ele>910.4</ele></trkpt>
<trkpt lat="46.500000" lon="10.627942"><ele>909.9</ele></trkpt>
<trkpt lat="46.500000" lon="10.627981"><ele>909.5</ele></trkpt>
<trkpt lat="46.500000" lon="10.628020"><ele>909.0</ele></trkpt>
<trkpt lat="46.500000" lon="10.628060"><ele>908.6</ele></trkpt>
<trkpt lat="46.500000" lon="10.628099"><ele>908.1</ele></trkpt>
<trkpt lat="46.500000" lon="10.628138"><ele>907.7</ele></trkpt>
<trkpt lat="46.500000" lon="10.628177"><ele>907.2</ele></trkpt>
<trkpt lat="46.500000" lon="10.628216"><ele>906.8</ele></trkpt>
<trkpt lat="46.500000" lon="10.628255"><ele>906.3</ele></trkpt>
<trkpt lat="46.500000" lon="10.628295"><ele>905.9</ele></trkpt>
<trkpt lat="46.500000" lon="10.628334"><ele>905.4</ele></trkpt>
<trkpt lat="46.500000" lon="10.628373"><ele>905.0</ele></trkpt>
<trkpt lat="46.500000" lon="10.628412"><ele>904.5</ele></trkpt>
<trkpt lat="46.500000" lon="10.628451"><ele>904.1</ele></trkpt>
<trkpt lat="46.500000" lon="10.628490"><ele>903.6</ele></trkpt>
<trkpt lat="46.500000" lon="10.628529"><ele>903.2</ele></trkpt>
<trkpt lat="46.500000" lon="10.628569"><ele>902.7</ele></trkpt>
<trkpt lat="46.500000" lon="10.628608"><ele>902.3</ele></trkpt>
<trkpt lat="46.500000" lon="10.628647"><ele>901.8</ele></trkpt>
<trkpt lat="46.500000" lon="10.628686"><ele>901.4</ele></trkpt>
<trkpt lat="46.500000" lon="10.628725"><ele>900.9</ele></trkpt>
<trkpt lat="46.500000" lon="10.628764"><ele>900.5</ele></trkpt>
<trkpt lat="46.500000" lon="10.628804"><ele>900.0</ele></trkpt>
<trkpt lat="46.500000" lon="10.628843"><ele>900.0</ele></trkpt>
<trkpt lat="46.500000" lon="10.628882"><ele>900.0</ele></trkpt>
<trkpt lat="46.500000" lon="10.628921"><ele>900.0</ele></trkpt>
<trkpt lat="46.500000" lon="10.628960"><ele>900.0</ele></trkpt>
<trkpt lat="46.500000" lon="10.628999"><ele>900.0</ele></trkpt>
<trkpt lat="46.500000" lon="10.629038"><ele>900.0</ele></trkpt>
<trkpt lat="46.500000" lon="10.629078"><ele>900.0</ele></trkpt>
<trkpt lat="46.500000" lon="10.629117"><ele>900.0</ele></trkpt>
<trkpt lat="46.500000" lon="10.629156"><ele>900.0</ele></trkpt>
<trkpt lat="46.500000" lon="10.629195"><ele>900.0</ele></trkpt>
<trkpt lat="46.500000" lon="10.629234"><ele>900.0</ele></trkpt>
<trkpt lat="46.500000" lon="10.629273"><ele>900.0</ele></trkpt>
<trkpt lat="46.500000" lon="10.629312"><ele>900.0</ele></trkpt>
<trkpt lat="46.500000" lon="10.629352"><ele>900.0</ele></trkpt>
<trkpt lat="46.500000" lon="10.629391"><ele>900.0</ele></trkpt>
<trkpt lat="46.500000" lon="10.629430"><ele>900.0</ele></trkpt>
<trkpt lat="46.500000" lon="10.629469"><ele>900.0</ele></trkpt>
<trkpt lat="46.500000" lon="10.629508"><ele>900.0</ele></trkpt>
<trkpt lat="46.500000" lon="10.629547"><ele>900.0</ele></trkpt>
<trkpt lat="46.500000" lon="10.629587"><ele>900.0</ele></trkpt>
<trkpt lat="46.500000" lon="10.629626"><ele>900.0</ele></trkpt>
<trkpt lat="46.500000" lon="10.629665"><ele>900.0</ele></trkpt>
<trkpt lat="46.500000" lon="10.629704"><ele>900.0</ele></trkpt>
<trkpt lat="46.500000" lon="10.629743"><ele>900.0</ele></trkpt>
<trkpt lat="46.500000" lon="10.629782"><ele>900.0</ele></trkpt>
<trkpt lat="46.500000" lon="10.629821"><ele>900.0</ele></trkpt>
<trkpt lat="46.500000" lon="10.629861"><ele>900.0</ele></trkpt>
<trkpt lat="46.500000" lon="10.629900"><ele>900.0</ele></trkpt>
<trkpt lat="46.500000" lon="10.629939"><ele>900.0</ele></trkpt>
<trkpt lat="46.500000" lon="10.629978"><ele>900.0</ele></trkpt>
<trkpt lat="46.500000" lon="10.630017"><ele>900.0</ele></trkpt>
<trkpt lat="46.500000" lon="10.630056"><ele>900.0</ele></trkpt>
<trkpt lat="46.500000" lon="10.630095"><ele>900.0</ele></trkpt>
<trkpt lat="46.500000" lon="10.630135"><ele>900.0</ele></trkpt>
<trkpt lat="46.500000" lon="10.630174"><ele>900.0</ele></trkpt>
<trkpt lat="46.500000" lon="10.630213"><ele>900.0</ele></trkpt>
<trkpt lat="46.500000" lon="10.630252"><ele>900.0</ele></trkpt>
<trkpt lat="46.500000" lon="10.630291"><ele>900.0</ele></trkpt>
<trkpt lat="46.500000" lon="10.630330"><ele>900.0</ele></trkpt>
<trkpt lat="46.500000" lon="10.630370"><ele>900.0</ele></trkpt>
<trkpt lat="46.500000" lon="10.630409"><ele>900.0</ele></trkpt>
<trkpt lat="46.500000" lon="10.630448"><ele>900.0</ele></trkpt>
<trkpt lat="46.500000" lon="10.630487"><ele>900.0</ele></trkpt>
<trkpt lat="46.500000" lon="10.630526"><ele>900.0</ele></trkpt>
<trkpt lat="46.500000" lon="10.630565"><ele>900.0</ele></trkpt>
<trkpt lat="46.500000" lon="10.630604"><ele>900.0</ele></trkpt>
<trkpt lat="46.500000" lon="10.630644"><ele>900.0</ele></trkpt>
<trkpt lat="46.500000" lon="10.630683"><ele>900.0</ele></trkpt>
<trkpt lat="46.500000" lon="10.630722"><ele>900.0</ele></trkpt>
<trkpt lat="46.500000" lon="10.630761"><ele>900.0</ele></trkpt>
<trkpt lat="46.500000" lon="10.630800"><ele>900.6</ele></trkpt>
<trkpt lat="46.500000" lon="10.630839"><ele>901.2</ele></trkpt>
<trkpt lat="46.500000" lon="10.630878"><ele>901.8</ele></trkpt>
<trkpt lat="46.500000" lon="10.630918"><ele>902.4</ele></trkpt>
<trkpt lat="46.500000" lon="10.630957"><ele>903.0</ele></trkpt>
<trkpt lat="46.500000" lon="10.630996"><ele>903.6</ele></trkpt>
<trkpt lat="46.500000" lon="10.631035"><ele>904.2</ele></trkpt>
<trkpt lat="46.500000" lon="10.631074"><ele>904.8</ele></trkpt>
<trkpt lat="46.500000" lon="10.631113"><ele>905.4</ele></trkpt>
<trkpt lat="46.500000" lon="10.631153"><ele>906.0</ele></trkpt>
<trkpt lat="46.500000" lon="10.631192"><ele>906.6</ele></trkpt>
<trkpt lat="46.500000" lon="10.631231"><ele>907.2</ele></trkpt>
<trkpt lat="46.500000" lon="10.631270"><ele>907.8</ele></trkpt>
<trkpt lat="46.500000" lon="10.631309"><ele>908.4</ele></trkpt>
<trkpt lat="46.500000" lon="10.631348"><ele>909.0</ele></trkpt>
<trkpt lat="46.500000" lon="10.631387"><ele>909.6</ele></trkpt>
<trkpt lat="46.500000" lon="10.631427"><ele>910.2</ele></trkpt>
<trkpt lat="46.500000" lon="10.631466"><ele>910.8</ele></trkpt>
<trkpt lat="46.500000" lon="10.631505"><ele>911.4</ele></trkpt>
<trkpt lat="46.500000" lon="10.631544"><ele>912.0</ele></trkpt>
<trkpt lat="46.500000" lon="10.631583"><ele>912.6</ele></trkpt>
<trkpt lat="46.500000" lon="10.631622"><ele>913.2</ele></trkpt>
<trkpt lat="46.500000" lon="10.631661"><ele>913.8</ele></trkpt>
<trkpt lat="46.500000" lon="10.631701"><ele>914.4</ele></trkpt>
<trkpt lat="46.500000" lon="10.631740"><ele>915.0</ele></trkpt>
<trkpt lat="46.500000" lon="10.631779"><ele>915.6</ele></trkpt>
<trkpt lat="46.500000" lon="10.631818"><ele>916.2</ele></trkpt>
<trkpt lat="46.500000" lon="10.631857"><ele>916.8</ele></trkpt>
<trkpt lat="46.500000" lon="10.631896"><ele>917.4</ele></trkpt>
<trkpt lat="46.500000" lon="10.631936"><ele>918.0</ele></trkpt>
<trkpt lat="46.500000" lon="10.631975"><ele>918.6</ele></trkpt>
<trkpt lat="46.500000" lon="10.632014"><ele>919.2</ele></trkpt>
<trkpt lat="46.500000" lon="10.632053"><ele>919.8</ele></trkpt>
<trkpt lat="46.500000" lon="10.632092"><ele>920.4</ele></trkpt>
<trkpt lat="46.500000" lon="10.632131"><ele>921.0</ele></trkpt>
<trkpt lat="46.500000" lon="10.632170"><ele>921.6</ele></trkpt>
<trkpt lat="46.500000" lon="10.632210"><ele>922.2</ele></trkpt>
<trkpt lat="46.500000" lon="10.632249"><ele>922.8</ele></trkpt>
<trkpt lat="46.500000" lon="10.632288"><ele>923.4</ele></trkpt>
<trkpt lat="46.500000" lon="10.632327"><ele>924.0</ele></trkpt>
<trkpt lat="46.500000" lon="10.632366"><ele>924.6</ele></trkpt>
<trkpt lat="46.500000" lon="10.632405"><ele>925.2</ele></trkpt>
<trkpt lat="46.500000" lon="10.632444"><ele>925.8</ele></trkpt>
<trkpt lat="46.500000" lon="10.632484"><ele>926.4</ele></trkpt>
<trkpt lat="46.500000" lon="10.632523"><ele>927.0</ele></trkpt>
<trkpt lat="46.500000" lon="10.632562"><ele>927.6</ele></trkpt>
<trkpt lat="46.500000" lon="10.632601"><ele>928.2</ele></trkpt>
<trkpt lat="46.500000" lon="10.632640"><ele>928.8</ele></trkpt>
<trkpt lat="46.500000" lon="10.632679"><ele>929.4</ele></trkpt>
<trkpt lat="46.500000" lon="10.632718"><ele>930.0</ele></trkpt>
<trkpt lat="46.500000" lon="10.632758"><ele>929.4</ele></trkpt>
<trkpt lat="46.500000" lon="10.632797"><ele>928.8</ele></trkpt>
<trkpt lat="46.500000" lon="10.632836"><ele>928.2</ele></trkpt>
<trkpt lat="46.500000" lon="10.632875"><ele>927.6</ele></trkpt>
<trkpt lat="46.500000" lon="10.632914"><ele>927.0</ele></trkpt>
<trkpt lat="46.500000" lon="10.632953"><ele>926.4</ele></trkpt>
<trkpt lat="46.500000" lon="10.632993"><ele>925.8</ele></trkpt>
<trkpt lat="46.500000" lon="10.633032"><ele>925.2</ele></trkpt>
<trkpt lat="46.500000" lon="10.633071"><ele>924.6</ele></trkpt>
<trkpt lat="46.500000" lon="10.633110"><ele>924.0</ele></trkpt>
<trkpt lat="46.500000" lon="10.633149"><ele>923.4</ele></trkpt>
<trkpt lat="46.500000" lon="10.633188"><ele>922.8</ele></trkpt>
<trkpt lat="46.500000" lon="10.633227"><ele>922.2</ele></trkpt>
<trkpt lat="46.500000" lon="10.633267"><ele>921.6</ele></trkpt>
<trkpt lat="46.500000" lon="10.633306"><ele>921.0</ele></trkpt>
<trkpt lat="46.500000" lon="10.633345"><ele>920.4</ele></trkpt>
<trkpt lat="46.500000" lon="10.633384"><ele>919.8</ele></trkpt>
<trkpt lat="46.500000" lon="10.633423"><ele>919.2</ele></trkpt>
<trkpt lat="46.500000" lon="10.633462"><ele>918.6</ele></trkpt>
<trkpt lat="46.500000" lon="10.633501"><ele>918.0</ele></trkpt>
<trkpt lat="46.500000" lon="10.633541"><ele>917.4</ele></trkpt>
<trkpt lat="46.500000" lon="10.633580"><ele>916.8</ele></trkpt>
<trkpt lat="46.500000" lon="10.633619"><ele>916.2</ele></trkpt>
<trkpt lat="46.500000" lon="10.633658"><ele>915.6</ele></trkpt>
<trkpt lat="46.500000" lon="10.633697"><ele>915.0</ele></trkpt>
<trkpt lat="46.500000" lon="10.633736"><ele>914.4</ele></trkpt>
<trkpt lat="46.500000" lon="10.633776"><ele>913.8</ele></trkpt>
<trkpt lat="46.500000" lon="10.633815"><ele>913.2</ele></trkpt>
<trkpt lat="46.500000" lon="10.633854"><ele>912.6</ele></trkpt>
<trkpt lat="46.500000" lon="10.633893"><ele>912.0</ele></trkpt>
<trkpt lat="46.500000" lon="10.633932"><ele>911.4</ele></trkpt>
<trkpt lat="46.500000" lon="10.633971"><ele>910.8</ele></trkpt>
<trkpt lat="46.500000" lon="10.634010"><ele>910.2</ele></trkpt>
<trkpt lat="46.500000" lon="10.634050"><ele>909.6</ele></trkpt>
<trkpt lat="46.500000" lon="10.634089"><ele>909.0</ele></trkpt>
<trkpt lat="46.500000" lon="10.634128"><ele>908.4</ele></trkpt>
<trkpt lat="46.500000" lon="10.634167"><ele>907.8</ele></trkpt>
<trkpt lat="46.500000" lon="10.634206"><ele>907.2</ele></trkpt>
<trkpt lat="46.500000" lon="10.634245"><ele>906.6</ele></trkpt>
<trkpt lat="46.500000" lon="10.634284"><ele>906.0</ele></trkpt>
<trkpt lat="46.500000" lon="10.634324"><ele>905.4</ele></trkpt>
<trkpt lat="46.500000" lon="10.634363"><ele>904.8</ele></trkpt>
<trkpt lat="46.500000" lon="10.634402"><ele>904.2</ele></trkpt>
<trkpt lat="46.500000" lon="10.634441"><ele>903.6</ele></trkpt>
<trkpt lat="46.500000" lon="10.634480"><ele>903.0</ele></trkpt>
<trkpt lat="46.500000" lon="10.634519"><ele>902.4</ele></trkpt>
<trkpt lat="46.500000" lon="10.634559"><ele>901.8</ele></trkpt>
<trkpt lat="46.500000" lon="10.634598"><ele>901.2</ele></trkpt>
<trkpt lat="46.500000" lon="10.634637"><ele>900.6</ele></trkpt>
<trkpt lat="46.500000" lon="10.634676"><ele>900.0</ele></trkpt>
<trkpt lat="46.500000" lon="10.634715"><ele>900.0</ele></trkpt>
<trkpt lat="46.500000" lon="10.634754"><ele>900.0</ele></trkpt>
<trkpt lat="46.500000" lon="10.634793"><ele>900.0</ele></trkpt>
<trkpt lat="46.500000" lon="10.634833"><ele>900.0</ele></trkpt>
<trkpt lat="46.500000" lon="10.634872"><ele>900.0</ele></trkpt>
<trkpt lat="46.500000" lon="10.634911"><ele>900.0</ele></trkpt>
<trkpt lat="46.500000" lon="10.634950"><ele>900.0</ele></trkpt>
<trkpt lat="46.500000" lon="10.634989"><ele>900.0</ele></trkpt>
<trkpt lat="46.500000" lon="10.635028"><ele>900.0</ele></trkpt>
<trkpt lat="46.500000" lon="10.635067"><ele>900.0</ele></trkpt>
<trkpt lat="46.500000" lon="10.635107"><ele>900.0</ele></trkpt>
<trkpt lat="46.500000" lon="10.635146"><ele>900.0</ele></trkpt>
<trkpt lat="46.500000" lon="10.635185"><ele>900.0</ele></trkpt>
<trkpt lat="46.500000" lon="10.635224"><ele>900.0</ele></trkpt>
<trkpt lat="46.500000" lon="10.635263"><ele>900.0</ele></trkpt>
<trkpt lat="46.500000" lon="10.635302"><ele>900.0</ele></trkpt>
<trkpt lat="46.500000" lon="10.635342"><ele>900.0</ele></trkpt>
<trkpt lat="46.500000" lon="10.635381"><ele>900.0</ele></trkpt>
<trkpt lat="46.500000" lon="10.635420"><ele>900.0</ele></trkpt>
<trkpt lat="46.500000" lon="10.635459"><ele>900.0</ele></trkpt>
<trkpt lat="46.500000" lon="10.635498"><ele>900.0</ele></trkpt>
<trkpt lat="46.500000" lon="10.635537"><ele>900.0</ele></trkpt>
<trkpt lat="46.500000" lon="10.635576"><ele>900.0</ele></trkpt>
<trkpt lat="46.500000" lon="10.635616"><ele>900.0</ele></trkpt>
<trkpt lat="46.500000" lon="10.635655"><ele>900.0</ele></trkpt>
<trkpt lat="46.500000" lon="10.635694"><ele>900.0</ele></trkpt>
<trkpt lat="46.500000" lon="10.635733"><ele>900.0</ele></trkpt>
<trkpt lat="46.500000" lon="10.635772"><ele>900.0</ele></trkpt>
<trkpt lat="46.500000" lon="10.635811"><ele>900.0</ele></trkpt>
<trkpt lat="46.500000" lon="10.635851"><ele>900.0</ele></trkpt>
<trkpt lat="46.500000" lon="10.635890"><ele>900.0</ele></trkpt>
<trkpt lat="46.500000" lon="10.635929"><ele>900.0</ele></trkpt>
<trkpt lat="46.500000" lon="10.635968"><ele>900.0</ele></trkpt>
<trkpt lat="46.500000" lon="10.636007"><ele>900.6</ele></trkpt>
<trkpt lat="46.500000" lon="10.636046"><ele>901.2</ele></trkpt>
<trkpt lat="46.500000" lon="10.636085"><ele>901.8</ele></trkpt>
<trkpt lat="46.500000" lon="10.636125"><ele>902.4</ele></trkpt>
<trkpt lat="46.500000" lon="10.636164"><ele>903.0</ele></trkpt>
<trkpt lat="46.500000" lon="10.636203"><ele>903.6</ele></trkpt>
<trkpt lat="46.500000" lon="10.636242"><ele>904.2</ele></trkpt>
<trkpt lat="46.500000" lon="10.636281"><ele>904.8</ele></trkpt>
<trkpt lat="46.500000" lon="10.636320"><ele>905.4</ele></trkpt>
<trkpt lat="46.500000" lon="10.636359"><ele>906.0</ele></trkpt>
<trkpt lat="46.500000" lon="10.636399"><ele>906.6</ele></trkpt>
<trkpt lat="46.500000" lon="10.636438"><ele>907.2</ele></trkpt>
<trkpt lat="46.500000" lon="10.636477"><ele>907.8</ele></trkpt>
<trkpt lat="46.500000" lon="10.636516"><ele>908.4</ele></trkpt>
<trkpt lat="46.500000" lon="10.636555"><ele>909.0</ele></trkpt>
<trkpt lat="46.500000" lon="10.636594"><ele>909.6</ele></trkpt>
<trkpt lat="46.500000" lon="10.636634"><ele>910.2</ele></trkpt>
<trkpt lat="46.500000" lon="10.636673"><ele>910.8</ele></trkpt>
<trkpt lat="46.500000" lon="10.636712"><ele>911.4</ele></trkpt>
<trkpt lat="46.500000" lon="10.636751"><ele>912.0</ele></trkpt>
<trkpt lat="46.500000" lon="10.636790"><ele>912.6</ele></trkpt>
<trkpt lat="46.500000" lon="10.636829"><ele>913.2</ele></trkpt>
<trkpt lat="46.500000" lon="10.636868"><ele>913.8</ele></trkpt>
<trkpt lat="46.500000" lon="10.636908"><ele>914.4</ele></trkpt>
<trkpt lat="46.500000" lon="10.636947"><ele>915.0</ele></trkpt>
<trkpt lat="46.500000" lon="10.636986"><ele>915.6</ele></trkpt>
<trkpt lat="46.500000" lon="10.637025"><ele>916.2</ele></trkpt>
<trkpt lat="46.500000" lon="10.637064"><ele>916.8</ele></trkpt>
<trkpt lat="46.500000" lon="10.637103"><ele>917.4</ele></trkpt>
<trkpt lat="46.500000" lon="10.637142"><ele>918.0</ele></trkpt>
<trkpt lat="46.500000" lon="10.637182"><ele>918.6</ele></trkpt>
<trkpt lat="46.500000" lon="10.637221"><ele>919.2</ele></trkpt>
<trkpt lat="46.500000" lon="10.637260"><ele>919.8</ele></trkpt>
<trkpt lat="46.500000" lon="10.637299"><ele>920.4</ele></trkpt>
<trkpt lat="46.500000" lon="10.637338"><ele>921.0</ele></trkpt>
<trkpt lat="46.500000" lon="10.637377"><ele>921.6</ele></trkpt>
<trkpt lat="46.500000" lon="10.637417"><ele>922.2</ele></trkpt>
<trkpt lat="46.500000" lon="10.637456"><ele>922.8</ele></trkpt>
<trkpt lat="46.500000" lon="10.637495"><ele>923.4</ele></trkpt>
<trkpt lat="46.500000" lon="10.637534"><ele>924.0</ele></trkpt>
<trkpt lat="46.500000" lon="10.637573"><ele>924.6</ele></trkpt>
<trkpt lat="46.500000" lon="10.637612"><ele>925.2</ele></trkpt>
<trkpt lat="46.500000" lon="10.637651"><ele>925.8</ele></trkpt>
<trkpt lat="46.500000" lon="10.637691"><ele>926.4</ele></trkpt>
<trkpt lat="46.500000" lon="10.637730"><ele>927.0</ele></trkpt>
<trkpt lat="46.500000" lon="10.637769"><ele>927.6</ele></trkpt>
<trkpt lat="46.500000" lon="10.637808"><ele>928.2</ele></trkpt>
<trkpt lat="46.500000" lon="10.637847"><ele>928.8</ele></trkpt>
<trkpt lat="46.500000" lon="10.637886"><ele>929.4</ele></trkpt>
<trkpt lat="46.500000" lon="10.637925"><ele>930.0</ele></trkpt>
<trkpt lat="46.500000" lon="10.637965"><ele>929.4</ele></trkpt>
<trkpt lat="46.500000" lon="10.638004"><ele>928.8</ele></trkpt>
<trkpt lat="46.500000" lon="10.638043"><ele>928.2</ele></trkpt>
<trkpt lat="46.500000" lon="10.638082"><ele>927.6</ele></trkpt>
<trkpt lat="46.500000" lon="10.638121"><ele>927.0</ele></trkpt>
<trkpt lat="46.500000" lon="10.638160"><ele>926.4</ele></trkpt>
<trkpt lat="46.500000" lon="10.638200"><ele>925.8</ele></trkpt>
<trkpt lat="46.500000" lon="10.638239"><ele>925.2</ele></trkpt>
<trkpt lat="46.500000" lon="10.638278"><ele>924.6</ele></trkpt>
<trkpt lat="46.500000" lon="10.638317"><ele>924.0</ele></trkpt>
<trkpt lat="46.500000" lon="10.638356"><ele>923.4</ele></trkpt>
<trkpt lat="46.500000" lon="10.638395"><ele>922.8</ele></trkpt>
<trkpt lat="46.500000" lon="10.638434"><ele>922.2</ele></trkpt>
<trkpt lat="46.500000" lon="10.638474"><ele>921.6</ele></trkpt>
<trkpt lat="46.500000" lon="10.638513"><ele>921.0</ele></trkpt>
<trkpt lat="46.500000" lon="10.638552"><ele>920.4</ele></trkpt>
<trkpt lat="46.500000" lon="10.638591"><ele>919.8</ele></trkpt>
<trkpt lat="46.500000" lon="10.638630"><ele>919.2</ele></trkpt>
<trkpt lat="46.500000" lon="10.638669"><ele>918.6</ele></trkpt>
<trkpt lat="46.500000" lon="10.638708"><ele>918.0</ele></trkpt>
<trkpt lat="46.500000" lon="10.638748"><ele>917.4</ele></trkpt>
<trkpt lat="46.500000" lon="10.638787"><ele>916.8</ele></trkpt>
<trkpt lat="46.500000" lon="10.638826"><ele>916.2</ele></trkpt>
<trkpt lat="46.500000" lon="10.638865"><ele>915.6</ele></trkpt>
<trkpt lat="46.500000" lon="10.638904"><ele>915.0</ele></trkpt>
<trkpt lat="46.500000" lon="10.638943"><ele>914.4</ele></trkpt>
<trkpt lat="46.500000" lon="10.638983"><ele>913.8</ele></trkpt>
<trkpt lat="46.500000" lon="10.639022"><ele>913.2</ele></trkpt>
<trkpt lat="46.500000" lon="10.639061"><ele>912.6</ele></trkpt>
<trkpt lat="46.500000" lon="10.639100"><ele>912.0</ele></trkpt>
<trkpt lat="46.500000" lon="10.639139"><ele>911.4</ele></trkpt>
<trkpt lat="46.500000" lon="10.639178"><ele>910.8</ele></trkpt>
<trkpt lat="46.500000" lon="10.639217"><ele>910.2</ele></trkpt>
<trkpt lat="46.500000" lon="10.639257"><ele>909.6</ele></trkpt>
<trkpt lat="46.500000" lon="10.639296"><ele>909.0</ele></trkpt>
<trkpt lat="46.500000" lon="10.639335"><ele>908.4</ele></trkpt>
<trkpt lat="46.500000" lon="10.639374"><ele>907.8</ele></trkpt>
<trkpt lat="46.500000" lon="10.639413"><ele>907.2</ele></trkpt>
<trkpt lat="46.500000" lon="10.639452"><ele>906.6</ele></trkpt>
<trkpt lat="46.500000" lon="10.639491"><ele>906.0</ele></trkpt>
<trkpt lat="46.500000" lon="10.639531"><ele>905.4</ele></trkpt>
<trkpt lat="46.500000" lon="10.639570"><ele>904.8</ele></trkpt>
<trkpt lat="46.500000" lon="10.639609"><ele>904.2</ele></trkpt>
<trkpt lat="46.500000" lon="10.639648"><ele>903.6</ele></trkpt>
<trkpt lat="46.500000" lon="10.639687"><ele>903.0</ele></trkpt>
<trkpt lat="46.500000" lon="10.639726"><ele>902.4</ele></trkpt>
<trkpt lat="46.500000" lon="10.639765"><ele>901.8</ele></trkpt>
<trkpt lat="46.500000" lon="10.639805"><ele>901.2</ele></trkpt>
<trkpt lat="46.500000" lon="10.639844"><ele>900.6</ele></trkpt>
<trkpt lat="46.500000" lon="10.639883"><ele>900.0</ele></trkpt>
<trkpt lat="46.500000" lon="10.639922"><ele>900.0</ele></trkpt>
<trkpt lat="46.500000" lon="10.639961"><ele>900.0</ele></trkpt>
<trkpt lat="46.500000" lon="10.640000"><ele>900.0</ele></trkpt>
<trkpt lat="46.500000" lon="10.640040"><ele>900.0</ele></trkpt>
<trkpt lat="46.500000" lon="10.640079"><ele>900.0</ele></trkpt>
<trkpt lat="46.500000" lon="10.640118"><ele>900.0</ele></trkpt>
<trkpt lat="46.500000" lon="10.640157"><ele>900.0</ele></trkpt>
<trkpt lat="46.500000" lon="10.640196"><ele>900.0</ele></trkpt>
<trkpt lat="46.500000" lon="10.640235"><ele>900.0</ele></trkpt>
<trkpt lat="46.500000" lon="10.640274"><ele>900.0</ele></trkpt>
<trkpt lat="46.500000" lon="10.640314"><ele>900.0</ele></trkpt>
<trkpt lat="46.500000" lon="10.640353"><ele>900.0</ele></trkpt>
<trkpt lat="46.500000" lon="10.640392"><ele>900.0</ele></trkpt>
<trkpt lat="46.500000" lon="10.640431"><ele>900.0</ele></trkpt>
<trkpt lat="46.500000" lon="10.640470"><ele>900.0</ele></trkpt>
<trkpt lat="46.500000" lon="10.640509"><ele>900.0</ele></trkpt>
<trkpt lat="46.500000" lon="10.640548"><ele>900.0</ele></trkpt>
<trkpt lat="46.500000" lon="10.640588"><ele>900.0</ele></trkpt>
<trkpt lat="46.500000" lon="10.640627"><ele>900.0</ele></trkpt>
<trkpt lat="46.500000" lon="10.640666"><ele>900.0</ele></trkpt>
<trkpt lat="46.500000" lon="10.640705"><ele>900.0</ele></trkpt>
<trkpt lat="46.500000" lon="10.640744"><ele>900.0</ele></trkpt>
<trkpt lat="46.500000" lon="10.640783"><ele>900.0</ele></trkpt>
<trkpt lat="46.500000" lon="10.640823"><ele>900.0</ele></trkpt>
<trkpt lat="46.500000" lon="10.640862"><ele>900.0</ele></trkpt>
<trkpt lat="46.500000" lon="10.640901"><ele>900.0</ele></trkpt>
<trkpt lat="46.500000" lon="10.640940"><ele>900.0</ele></trkpt>
<trkpt lat="46.500000" lon="10.640979"><ele>900.0</ele></trkpt>
<trkpt lat="46.500000" lon="10.641018"><ele>900.0</ele></trkpt>
<trkpt lat="46.500000" lon="10.641057"><ele>900.0</ele></trkpt>
<trkpt lat="46.500000" lon="10.641097"><ele>900.0</ele></trkpt>
<trkpt lat="46.500000" lon="10.641136"><ele>900.0</ele></trkpt>
<trkpt lat="46.500000" lon="10.641175"><ele>900.0</ele></trkpt>
<trkpt lat="46.500000" lon="10.641214"><ele>900.6</ele></trkpt>
<trkpt lat="46.500000" lon="10.641253"><ele>901.2</ele></trkpt>
<trkpt lat="46.500000" lon="10.641292"><ele>901.8</ele></trkpt>
<trkpt lat="46.500000" lon="10.641331"><ele>902.4</ele></trkpt>
<trkpt lat="46.500000" lon="10.641371"><ele>903.0</ele></trkpt>
<trkpt lat="46.500000" lon="10.641410"><ele>903.6</ele></trkpt>
<trkpt lat="46.500000" lon="10.641449"><ele>904.2</ele></trkpt>
<trkpt lat="46.500000" lon="10.641488"><ele>904.8</ele></trkpt>
<trkpt lat="46.500000" lon="10.641527"><ele>905.4</ele></trkpt>
<trkpt lat="46.500000" lon="10.641566"><ele>906.0</ele></trkpt>
<trkpt lat="46.500000" lon="10.641606"><ele>906.6</ele></trkpt>
<trkpt lat="46.500000" lon="10.641645"><ele>907.2</ele></trkpt>
<trkpt lat="46.500000" lon="10.641684"><ele>907.8</ele></trkpt>
<trkpt lat="46.500000" lon="10.641723"><ele>908.4</ele></trkpt>
<trkpt lat="46.500000" lon="10.641762"><ele>909.0</ele></trkpt>
<trkpt lat="46.500000" lon="10.641801"><ele>909.6</ele></trkpt>
<trkpt lat="46.500000" lon="10.641840"><ele>910.2</ele></trkpt>
<trkpt lat="46.500000" lon="10.641880"><ele>910.8</ele></trkpt>
<trkpt lat="46.500000" lon="10.641919"><ele>911.4</ele></trkpt>
<trkpt lat="46.500000" lon="10.641958"><ele>912.0</ele></trkpt>
<trkpt lat="46.500000" lon="10.641997"><ele>912.6</ele></trkpt>
<trkpt lat="46.500000" lon="10.642036"><ele>913.2</ele></trkpt>
<trkpt lat="46.500000" lon="10.642075"><ele>913.8</ele></trkpt>
<trkpt lat="46.500000" lon="10.642114"><ele>914.4</ele></trkpt>
<trkpt lat="46.500000" lon="10.642154"><ele>915.0</ele></trkpt>
<trkpt lat="46.500000" lon="10.642193"><ele>915.6</ele></trkpt>
<trkpt lat="46.500000" lon="10.642232"><ele>916.2</ele></trkpt>
<trkpt lat="46.500000" lon="10.642271"><ele>916.8</ele></trkpt>
<trkpt lat="46.500000" lon="10.642310"><ele>917.4</ele></trkpt>
<trkpt lat="46.500000" lon="10.642349"><ele>918.0</ele></trkpt>
<trkpt lat="46.500000" lon="10.642389"><ele>918.6</ele></trkpt>
<trkpt lat="46.500000" lon="10.642428"><ele>919.2</ele></trkpt>
<trkpt lat="46.500000" lon="10.642467"><ele>919.8</ele></trkpt>
<trkpt lat="46.500000" lon="10.642506"><ele>920.4</ele></trkpt>
<trkpt lat="46.500000" lon="10.642545"><ele>921.0</ele></trkpt>
<trkpt lat="46.500000" lon="10.642584"><ele>921.6</ele></trkpt>
<trkpt lat="46.500000" lon="10.642623"><ele>922.2</ele></trkpt>
<trkpt lat="46.500000" lon="10.642663"><ele>922.8</ele></trkpt>
<trkpt lat="46.500000" lon="10.642702"><ele>923.4</ele></trkpt>
<trkpt lat="46.500000" lon="10.642741"><ele>924.0</ele></trkpt>
<trkpt lat="46.500000" lon="10.642780"><ele>924.6</ele></trkpt>
<trkpt lat="46.500000" lon="10.642819"><ele>925.2</ele></trkpt>
<trkpt lat="46.500000" lon="10.642858"><ele>925.8</ele></trkpt>
<trkpt lat="46.500000" lon="10.642898"><ele>926.4</ele></trkpt>
<trkpt lat="46.500000" lon="10.642937"><ele>927.0</ele></trkpt>
<trkpt lat="46.500000" lon="10.642976"><ele>927.6</ele></trkpt>
<trkpt lat="46.500000" lon="10.643015"><ele>928.2</ele></trkpt>
<trkpt lat="46.500000" lon="10.643054"><ele>928.8</ele></trkpt>
<trkpt lat="46.500000" lon="10.643093"><ele>929.4</ele></trkpt>
<trkpt lat="46.500000" lon="10.643132"><ele>930.0</ele></trkpt>
<trkpt lat="46.500000" lon="10.643172"><ele>929.4</ele></trkpt>
<trkpt lat="46.500000" lon="10.643211"><ele>928.8</ele></trkpt>
<trkpt lat="46.500000" lon="10.643250"><ele>928.2</ele></trkpt>
<trkpt lat="46.500000" lon="10.643289"><ele>927.6</ele></trkpt>
<trkpt lat="46.500000" lon="10.643328"><ele>927.0</ele></trkpt>
<trkpt lat="46.500000" lon="10.643367"><ele>926.4</ele></trkpt>
<trkpt lat="46.500000" lon="10.643406"><ele>925.8</ele></trkpt>
<trkpt lat="46.500000" lon="10.643446"><ele>925.2</ele></trkpt>
<trkpt lat="46.500000" lon="10.643485"><ele>924.6</ele></trkpt>
<trkpt lat="46.500000" lon="10.643524"><ele>924.0</ele></trkpt>
<trkpt lat="46.500000" lon="10.643563"><ele>923.4</ele></trkpt>
<trkpt lat="46.500000" lon="10.643602"><ele>922.8</ele></trkpt>
<trkpt lat="46.500000" lon="10.643641"><ele>922.2</ele></trkpt>
<trkpt lat="46.500000" lon="10.643681"><ele>921.6</ele></trkpt>
<trkpt lat="46.500000" lon="10.643720"><ele>921.0</ele></trkpt>
<trkpt lat="46.500000" lon="10.643759"><ele>920.4</ele></trkpt>
<trkpt lat="46.500000" lon="10.643798"><ele>919.8</ele></trkpt>
<trkpt lat="46.500000" lon="10.643837"><ele>919.2</ele></trkpt>
<trkpt lat="46.500000" lon="10.643876"><ele>918.6</ele></trkpt>
<trkpt lat="46.500000" lon="10.643915"><ele>918.0</ele></trkpt>
<trkpt lat="46.500000" lon="10.643955"><ele>917.4</ele></trkpt>
<trkpt lat="46.500000" lon="10.643994"><ele>916.8</ele></trkpt>
<trkpt lat="46.500000" lon="10.644033"><ele>916.2</ele></trkpt>
<trkpt lat="46.500000" lon="10.644072"><ele>915.6</ele></trkpt>
<trkpt lat="46.500000" lon="10.644111"><ele>915.0</ele></trkpt>
<trkpt lat="46.500000" lon="10.644150"><ele>914.4</ele></trkpt>
<trkpt lat="46.500000" lon="10.644189"><ele>913.8</ele></trkpt>
<trkpt lat="46.500000" lon="10.644229"><ele>913.2</ele></trkpt>
<trkpt lat="46.500000" lon="10.644268"><ele>912.6</ele></trkpt>
<trkpt lat="46.500000" lon="10.644307"><ele>912.0</ele></trkpt>
<trkpt lat="46.500000" lon="10.644346"><ele>911.4</ele></trkpt>
<trkpt lat="46.500000" lon="10.644385"><ele>910.8</ele></trkpt>
<trkpt lat="46.500000" lon="10.644424"><ele>910.2</ele></trkpt>
<trkpt lat="46.500000" lon="10.644464"><ele>909.6</ele></trkpt>
<trkpt lat="46.500000" lon="10.644503"><ele>909.0</ele></trkpt>
<trkpt lat="46.500000" lon="10.644542"><ele>908.4</ele></trkpt>
<trkpt lat="46.500000" lon="10.644581"><ele>907.8</ele></trkpt>
<trkpt lat="46.500000" lon="10.644620"><ele>907.2</ele></trkpt>
<trkpt lat="46.500000" lon="10.644659"><ele>906.6</ele></trkpt>
<trkpt lat="46.500000" lon="10.644698"><ele>906.0</ele></trkpt>
<trkpt lat="46.500000" lon="10.644738"><ele>905.4</ele></trkpt>
<trkpt lat="46.500000" lon="10.644777"><ele>904.8</ele></trkpt>
<trkpt lat="46.500000" lon="10.644816"><ele>904.2</ele></trkpt>
<trkpt lat="46.500000" lon="10.644855"><ele>903.6</ele></trkpt>
<trkpt lat="46.500000" lon="10.644894"><ele>903.0</ele></trkpt>
<trkpt lat="46.500000" lon="10.644933"><ele>902.4</ele></trkpt>
<trkpt lat="46.500000" lon="10.644972"><ele>901.8</ele></trkpt>
<trkpt lat="46.500000" lon="10.645012"><ele>901.2</ele></trkpt>
<trkpt lat="46.500000" lon="10.645051"><ele>900.6</ele></trkpt>
<trkpt lat="46.500000" lon="10.645090"><ele>900.0</ele></trkpt>
<trkpt lat="46.500000" lon="10.645129"><ele>900.0</ele></trkpt>
<trkpt lat="46.500000" lon="10.645168"><ele>900.0</ele></trkpt>
<trkpt lat="46.500000" lon="10.645207"><ele>900.0</ele></trkpt>
<trkpt lat="46.500000" lon="10.645247"><ele>900.0</ele></trkpt>
<trkpt lat="46.500000" lon="10.645286"><ele>900.0</ele></trkpt>
<trkpt lat="46.500000" lon="10.645325"><ele>900.0</ele></trkpt>
<trkpt lat="46.500000" lon="10.645364"><ele>900.0</ele></trkpt>
<trkpt lat="46.500000" lon="10.645403"><ele>900.0</ele></trkpt>
<trkpt lat="46.500000" lon="10.645442"><ele>900.0</ele></trkpt>
<trkpt lat="46.500000" lon="10.645481"><ele>900.0</ele></trkpt>
<trkpt lat="46.500000" lon="10.645521"><ele>900.0</ele></trkpt>
<trkpt lat="46.500000" lon="10.645560"><ele>900.0</ele></trkpt>
<trkpt lat="46.500000" lon="10.645599"><ele>900.0</ele></trkpt>
<trkpt lat="46.500000" lon="10.645638"><ele>900.0</ele></trkpt>
<trkpt lat="46.500000" lon="10.645677"><ele>900.0</ele></trkpt>
<trkpt lat="46.500000" lon="10.645716"><ele>900.0</ele></trkpt>
<trkpt lat="46.500000" lon="10.645755"><ele>900.0</ele></trkpt>
<trkpt lat="46.500000" lon="10.645795"><ele>900.0</ele></trkpt>
<trkpt lat="46.500000" lon="10.645834"><ele>900.0</ele></trkpt>
<trkpt lat="46.500000" lon="10.645873"><ele>900.0</ele></trkpt>
<trkpt lat="46.500000" lon="10.645912"><ele>900.0</ele></trkpt>
<trkpt lat="46.500000" lon="10.645951"><ele>900.0</ele></trkpt>
<trkpt lat="46.500000" lon="10.645990"><ele>900.0</ele></trkpt>
<trkpt lat="46.500000" lon="10.646029"><ele>900.0</ele></trkpt>
<trkpt lat="46.500000" lon="10.646069"><ele>900.0</ele></trkpt>
<trkpt lat="46.500000" lon="10.646108"><ele>900.0</ele></trkpt>
<trkpt lat="46.500000" lon="10.646147"><ele>900.0</ele></trkpt>
<trkpt lat="46.500000" lon="10.646186"><ele>900.0</ele></trkpt>
<trkpt lat="46.500000" lon="10.646225"><ele>900.0</ele></trkpt>
<trkpt lat="46.500000" lon="10.646264"><ele>900.0</ele></trkpt>
<trkpt lat="46.500000" lon="10.646304"><ele>900.0</ele></trkpt>
<trkpt lat="46.500000" lon="10.646343"><ele>900.0</ele></trkpt>
<trkpt lat="46.500000" lon="10.646382"><ele>900.0</ele></trkpt>
<trkpt lat="46.500000" lon="10.646421"><ele>900.6</ele></trkpt>
<trkpt lat="46.500000" lon="10.646460"><ele>901.2</ele></trkpt>
<trkpt lat="46.500000" lon="10.646499"><ele>901.8</ele></trkpt>
<trkpt lat="46.500000" lon="10.646538"><ele>902.4</ele></trkpt>
<trkpt lat="46.500000" lon="10.646578"><ele>903.0</ele></trkpt>
<trkpt lat="46.500000" lon="10.646617"><ele>903.6</ele></trkpt>
<trkpt lat="46.500000" lon="10.646656"><ele>904.2</ele></trkpt>
<trkpt lat="46.500000" lon="10.646695"><ele>904.8</ele></trkpt>
<trkpt lat="46.500000" lon="10.646734"><ele>905.4</ele></trkpt>
<trkpt lat="46.500000" lon="10.646773"><ele>906.0</ele></trkpt>
<trkpt lat="46.500000" lon="10.646812"><ele>906.6</ele></trkpt>
<trkpt lat="46.500000" lon="10.646852"><ele>907.2</ele></trkpt>
<trkpt lat="46.500000" lon="10.646891"><ele>907.8</ele></trkpt>
<trkpt lat="46.500000" lon="10.646930"><ele>908.4</ele></trkpt>
<trkpt lat="46.500000" lon="10.646969"><ele>909.0</ele></trkpt>
<trkpt lat="46.500000" lon="10.647008"><ele>909.6</ele></trkpt>
<trkpt lat="46.500000" lon="10.647047"><ele>910.2</ele></trkpt>
<trkpt lat="46.500000" lon="10.647087"><ele>910.8</ele></trkpt>
<trkpt lat="46.500000" lon="10.647126"><ele>911.4</ele></trkpt>
<trkpt lat="46.500000" lon="10.647165"><ele>912.0</ele></trkpt>
<trkpt lat="46.500000" lon="10.647204"><ele>912.6</ele></trkpt>
<trkpt lat="46.500000" lon="10.647243"><ele>913.2</ele></trkpt>
<trkpt lat="46.500000" lon="10.647282"><ele>913.8</ele></trkpt>
<trkpt lat="46.500000" lon="10.647321"><ele>914.4</ele></trkpt>
<trkpt lat="46.500000" lon="10.647361"><ele>915.0</ele></trkpt>
<trkpt lat="46.500000" lon="10.647400"><ele>915.6</ele></trkpt>
<trkpt lat="46.500000" lon="10.647439"><ele>916.2</ele></trkpt>
<trkpt lat="46.500000" lon="10.647478"><ele>916.8</ele></trkpt>
<trkpt lat="46.500000" lon="10.647517"><ele>917.4</ele></trkpt>
<trkpt lat="46.500000" lon="10.647556"><ele>918.0</ele></trkpt>
<trkpt lat="46.500000" lon="10.647595"><ele>918.6</ele></trkpt>
<trkpt lat="46.500000" lon="10.647635"><ele>919.2</ele></trkpt>
<trkpt lat="46.500000" lon="10.647674"><ele>919.8</ele></trkpt>
<trkpt lat="46.500000" lon="10.647713"><ele>920.4</ele></trkpt>
<trkpt lat="46.500000" lon="10.647752"><ele>921.0</ele></trkpt>
<trkpt lat="46.500000" lon="10.647791"><ele>921.6</ele></trkpt>
<trkpt lat="46.500000" lon="10.647830"><ele>922.2</ele></trkpt>
<trkpt lat="46.500000" lon="10.647870"><ele>922.8</ele></trkpt>
<trkpt lat="46.500000" lon="10.647909"><ele>923.4</ele></trkpt>
<trkpt lat="46.500000" lon="10.647948"><ele>924.0</ele></trkpt>
<trkpt lat="46.500000" lon="10.647987"><ele>924.6</ele></trkpt>
<trkpt lat="46.500000" lon="10.648026"><ele>925.2</ele></trkpt>
<trkpt lat="46.500000" lon="10.648065"><ele>925.8</ele></trkpt>
<trkpt lat="46.500000" lon="10.648104"><ele>926.4</ele></trkpt>
<trkpt lat="46.500000" lon="10.648144"><ele>927.0</ele></trkpt>
<trkpt lat="46.500000" lon="10.648183"><ele>927.6</ele></trkpt>
<trkpt lat="46.500000" lon="10.648222"><ele>928.2</ele></trkpt>
<trkpt lat="46.500000" lon="10.648261"><ele>928.8</ele></trkpt>
<trkpt lat="46.500000" lon="10.648300"><ele>929.4</ele></trkpt>
<trkpt lat="46.500000" lon="10.648339"><ele>930.0</ele></trkpt>
<trkpt lat="46.500000" lon="10.648378"><ele>929.4</ele></trkpt>
<trkpt lat="46.500000" lon="10.648418"><ele>928.8</ele></trkpt>
<trkpt lat="46.500000" lon="10.648457"><ele>928.2</ele></trkpt>
<trkpt lat="46.500000" lon="10.648496"><ele>927.6</ele></trkpt>
<trkpt lat="46.500000" lon="10.648535"><ele>927.0</ele></trkpt>
<trkpt lat="46.500000" lon="10.648574"><ele>926.4</ele></trkpt>
<trkpt lat="46.500000" lon="10.648613"><ele>925.8</ele></trkpt>
<trkpt lat="46.500000" lon="10.648653"><ele>925.2</ele></trkpt>
<trkpt lat="46.500000" lon="10.648692"><ele>924.6</ele></trkpt>
<trkpt lat="46.500000" lon="10.648731"><ele>924.0</ele></trkpt>
<trkpt lat="46.500000" lon="10.648770"><ele>923.4</ele></trkpt>
<trkpt lat="46.500000" lon="10.648809"><ele>922.8</ele></trkpt>
<trkpt lat="46.500000" lon="10.648848"><ele>922.2</ele></trkpt>
<trkpt lat="46.500000" lon="10.648887"><ele>921.6</ele></trkpt>
<trkpt lat="46.500000" lon="10.648927"><ele>921.0</ele></trkpt>
<trkpt lat="46.500000" lon="10.648966"><ele>920.4</ele></trkpt>
<trkpt lat="46.500000" lon="10.649005"><ele>919.8</ele></trkpt>
<trkpt lat="46.500000" lon="10.649044"><ele>919.2</ele></trkpt>
<trkpt lat="46.500000" lon="10.649083"><ele>918.6</ele></trkpt>
<trkpt lat="46.500000" lon="10.649122"><ele>918.0</ele></trkpt>
<trkpt lat="46.500000" lon="10.649161"><ele>917.4</ele></trkpt>
<trkpt lat="46.500000" lon="10.649201"><ele>916.8</ele></trkpt>
<trkpt lat="46.500000" lon="10.649240"><ele>916.2</ele></trkpt>
<trkpt lat="46.500000" lon="10.649279"><ele>915.6</ele></trkpt>
<trkpt lat="46.500000" lon="10.649318"><ele>915.0</ele></trkpt>
<trkpt lat="46.500000" lon="10.649357"><ele>914.4</ele></trkpt>
<trkpt lat="46.500000" lon="10.649396"><ele>913.8</ele></trkpt>
<trkpt lat="46.500000" lon="10.649436"><ele>913.2</ele></trkpt>
<trkpt lat="46.500000" lon="10.649475"><ele>912.6</ele></trkpt>
<trkpt lat="46.500000" lon="10.649514"><ele>912.0</ele></trkpt>
<trkpt lat="46.500000" lon="10.649553"><ele>911.4</ele></trkpt>
<trkpt lat="46.500000" lon="10.649592"><ele>910.8</ele></trkpt>
<trkpt lat="46.500000" lon="10.649631"><ele>910.2</ele></trkpt>
<trkpt lat="46.500000" lon="10.649670"><ele>909.6</ele></trkpt>
<trkpt lat="46.500000" lon="10.649710"><ele>909.0</ele></trkpt>
<trkpt lat="46.500000" lon="10.649749"><ele>908.4</ele></trkpt>
<trkpt lat="46.500000" lon="10.649788"><ele>907.8</ele></trkpt>
<trkpt lat="46.500000" lon="10.649827"><ele>907.2</ele></trkpt>
<trkpt lat="46.500000" lon="10.649866"><ele>906.6</ele></trkpt>
<trkpt lat="46.500000" lon="10.649905"><ele>906.0</ele></trkpt>
<trkpt lat="46.500000" lon="10.649945"><ele>905.4</ele></trkpt>
<trkpt lat="46.500000" lon="10.649984"><ele>904.8</ele></trkpt>
<trkpt lat="46.500000" lon="10.650023"><ele>904.2</ele></trkpt>
<trkpt lat="46.500000" lon="10.650062"><ele>903.6</ele></trkpt>
<trkpt lat="46.500000" lon="10.650101"><ele>903.0</ele></trkpt>
<trkpt lat="46.500000" lon="10.650140"><ele>902.4</ele></trkpt>
<trkpt lat="46.500000" lon="10.650179"><ele>901.8</ele></trkpt>
<trkpt lat="46.500000" lon="10.650219"><ele>901.2</ele></trkpt>
<trkpt lat="46.500000" lon="10.650258"><ele>900.6</ele></trkpt>
<trkpt lat="46.500000" lon="10.650297"><ele>900.0</ele></trkpt>
<trkpt lat="46.500000" lon="10.650336"><ele>900.0</ele></trkpt>
<trkpt lat="46.500000" lon="10.650375"><ele>900.0</ele></trkpt>
<trkpt lat="46.500000" lon="10.650414"><ele>900.0</ele></trkpt>
<trkpt lat="46.500000" lon="10.650453"><ele>900.0</ele></trkpt>
<trkpt lat="46.500000" lon="10.650493"><ele>900.0</ele></trkpt>
<trkpt lat="46.500000" lon="10.650532"><ele>900.0</ele></trkpt>
<trkpt lat="46.500000" lon="10.650571"><ele>900.0</ele></trkpt>
<trkpt lat="46.500000" lon="10.650610"><ele>900.0</ele></trkpt>
<trkpt lat="46.500000" lon="10.650649"><ele>900.0</ele></trkpt>
<trkpt lat="46.500000" lon="10.650688"><ele>900.0</ele></trkpt>
<trkpt lat="46.500000" lon="10.650728"><ele>900.0</ele></trkpt>
<trkpt lat="46.500000" lon="10.650767"><ele>900.0</ele></trkpt>
<trkpt lat="46.500000" lon="10.650806"><ele>900.0</ele></trkpt>
<trkpt lat="46.500000" lon="10.650845"><ele>900.0</ele></trkpt>
<trkpt lat="46.500000" lon="10.650884"><ele>900.0</ele></trkpt>
<trkpt lat="46.500000" lon="10.650923"><ele>900.0</ele></trkpt>
<trkpt lat="46.500000" lon="10.650962"><ele>900.0</ele></trkpt>
<trkpt lat="46.500000" lon="10.651002"><ele>900.0</ele></trkpt>
<trkpt lat="46.500000" lon="10.651041"><ele>900.0</ele></trkpt>
<trkpt lat="46.500000" lon="10.651080"><ele>900.0</ele></trkpt>
<trkpt lat="46.500000" lon="10.651119"><ele>900.0</ele></trkpt>
<trkpt lat="46.500000" lon="10.651158"><ele>900.0</ele></trkpt>
<trkpt lat="46.500000" lon="10.651197"><ele>900.0</ele></trkpt>
<trkpt lat="46.500000" lon="10.651236"><ele>900.0</ele></trkpt>
<trkpt lat="46.500000" lon="10.651276"><ele>900.0</ele></trkpt>
<trkpt lat="46.500000" lon="10.651315"><ele>900.0</ele></trkpt>
<trkpt lat="46.500000" lon="10.651354"><ele>900.0</ele></trkpt>
<trkpt lat="46.500000" lon="10.651393"><ele>900.0</ele></trkpt>
<trkpt lat="46.500000" lon="10.651432"><ele>900.0</ele></trkpt>
<trkpt lat="46.500000" lon="10.651471"><ele>900.0</ele></trkpt>
<trkpt lat="46.500000" lon="10.651511"><ele>900.0</ele></trkpt>
<trkpt lat="46.500000" lon="10.651550"><ele>900.0</ele></trkpt>
<trkpt lat="46.500000" lon="10.651589"><ele>900.0</ele></trkpt>
</trkseg></trk></gpx>
